ETHUSDT,2023-09-22 23:19:00,1594.41,1594.41,1594.42,1594.41,563.74,1
ETHUSDT,2023-09-22 23:18:00,1594.16,1594.41,1594.42,1594.16,0.15,1
ETHUSDT,2023-09-22 23:17:00,1594.53,1594.16,1594.54,1594.16,3.12,1
ETHUSDT,2023-09-22 23:16:00,1594.64,1594.53,1594.65,1594.53,1121.36,1
ETHUSDT,2023-09-22 23:15:00,1594.45,1594.64,1594.66,1594.13,2803.42,1
ETHUSDT,2023-09-22 23:14:00,1594.3,1594.45,1594.45,1593.93,1682.53,1
ETHUSDT,2023-09-22 23:13:00,1594.23,1594.3,1594.3,1593.93,2249.04,1
ETHUSDT,2023-09-22 23:12:00,1593.4,1594.23,1594.3,1593.39,1281.12,1
ETHUSDT,2023-09-22 23:11:00,1593.51,1593.4,1593.83,1593.3,3366.26,1
ETHUSDT,2023-09-22 23:10:00,1593.52,1593.51,1593.52,1593.5,561.09,1
ETHUSDT,2023-09-22 23:09:00,1593.51,1593.52,1593.52,1593.5,1122.2,1
ETHUSDT,2023-09-22 23:08:00,1593.51,1593.51,1593.89,1593.51,560.99,1
ETHUSDT,2023-09-22 23:07:00,1593.88,1593.51,1593.89,1593.51,1121.94,1
ETHUSDT,2023-09-22 23:06:00,1593.47,1593.88,1593.99,1593.47,2246.85,1
ETHUSDT,2023-09-22 23:05:00,1592.78,1593.47,1593.48,1592.78,4489.2,1
ETHUSDT,2023-09-22 23:04:00,1593.65,1592.78,1593.65,1592.78,2244.39,1
ETHUSDT,2023-09-22 23:03:00,1593.91,1593.65,1594.01,1593.65,2804.62,1
ETHUSDT,2023-09-22 23:02:00,1593.01,1593.91,1593.91,1593.01,5079.53,1
ETHUSDT,2023-09-22 23:01:00,1592.83,1593.01,1593.01,1592.82,3367.43,1
ETHUSDT,2023-09-22 23:00:00,1592.8,1592.83,1592.83,1592.59,8531.82,1
ETHUSDT,2023-09-22 22:59:00,1592.38,1592.8,1592.87,1592.32,5164.38,1
ETHUSDT,2023-09-22 22:58:00,1592.77,1592.38,1592.77,1591.93,7316.37,1
ETHUSDT,2023-09-22 22:57:00,1593.86,1592.77,1593.87,1592.77,3366.5,1
ETHUSDT,2023-09-22 22:56:00,1593.64,1593.86,1593.87,1593.62,2804.77,1
ETHUSDT,2023-09-22 22:55:00,1593.3,1593.64,1594.4,1593.21,6174.68,1
ETHUSDT,2023-09-22 22:54:00,1593.34,1593.3,1593.49,1593.27,3366.48,1
ETHUSDT,2023-09-22 22:53:00,1593.18,1593.34,1593.44,1593.17,2244.38,1
ETHUSDT,2023-09-22 22:52:00,1593.04,1593.18,1593.18,1592.85,2806.02,1
ETHUSDT,2023-09-22 22:51:00,1593.72,1593.04,1593.73,1593.04,5611.75,1
ETHUSDT,2023-09-22 22:50:00,1593.9,1593.72,1594.15,1593.51,6170.58,1
ETHUSDT,2023-09-22 22:49:00,1594.43,1593.9,1594.44,1593.64,2243.5,1
ETHUSDT,2023-09-22 22:48:00,1593.81,1594.43,1594.47,1593.81,3925.29,1
ETHUSDT,2023-09-22 22:47:00,1594.95,1593.81,1594.95,1593.81,2242.51,1
ETHUSDT,2023-09-22 22:46:00,1594.31,1594.95,1595.47,1594.3,5605.49,1
ETHUSDT,2023-09-22 22:45:00,1594.32,1594.31,1594.32,1594.13,3925.2,1
ETHUSDT,2023-09-22 22:44:00,1594.82,1594.32,1594.82,1594.32,1686.78,1
ETHUSDT,2023-09-22 22:43:00,1594.99,1594.82,1595.02,1594.81,560.66,1
ETHUSDT,2023-09-22 22:42:00,1595.7,1594.99,1595.7,1594.99,3922.61,1
ETHUSDT,2023-09-22 22:41:00,1596,1595.7,1596,1595.69,1680.58,1
ETHUSDT,2023-09-22 22:40:00,1595.77,1596,1596.33,1595.77,1680.51,1
ETHUSDT,2023-09-22 22:39:00,1595.2,1595.77,1595.77,1595.19,5043.09,1
ETHUSDT,2023-09-22 22:38:00,1595.64,1595.2,1595.65,1595.02,5603.7,1
ETHUSDT,2023-09-22 22:37:00,1595.41,1595.64,1595.83,1595.36,4482.7,1
ETHUSDT,2023-09-22 22:36:00,1595.62,1595.41,1595.84,1595.41,2241.12,1
ETHUSDT,2023-09-22 22:35:00,1595.61,1595.62,1596.08,1595.61,2802.11,1
ETHUSDT,2023-09-22 22:34:00,1595.71,1595.61,1595.71,1595.59,4482.21,1
ETHUSDT,2023-09-22 22:33:00,1596.03,1595.71,1596.04,1595.71,5604.2,1
ETHUSDT,2023-09-22 22:32:00,1595.99,1596.03,1596.17,1595.99,3360.78,1
ETHUSDT,2023-09-22 22:31:00,1597.31,1595.99,1597.31,1595.99,8956.91,1
ETHUSDT,2023-09-22 22:30:00,1597.15,1597.31,1597.31,1597.15,1119.51,1
ETHUSDT,2023-09-22 22:29:00,1597.24,1597.15,1597.24,1597.15,1127.28,1
ETHUSDT,2023-09-22 22:28:00,1597.08,1597.24,1597.24,1596.58,3918.34,1
ETHUSDT,2023-09-22 22:27:00,1597.88,1597.08,1598.02,1597.07,8394.22,1
ETHUSDT,2023-09-22 22:26:00,1597.53,1597.88,1598.16,1597.53,2797.81,1
ETHUSDT,2023-09-22 22:25:00,1599.13,1597.53,1599.39,1597.53,5041.18,1
ETHUSDT,2023-09-22 22:24:00,1599.01,1599.13,1599.4,1598.92,8385.24,1
ETHUSDT,2023-09-22 22:23:00,1598.7,1599.01,1599.01,1598.52,8387.78,1
ETHUSDT,2023-09-22 22:22:00,1598.13,1598.7,1598.71,1598.13,3914.8,1
ETHUSDT,2023-09-22 22:21:00,1598.52,1598.13,1598.52,1597.9,2799.41,1
ETHUSDT,2023-09-22 22:20:00,1598.19,1598.52,1598.61,1598.18,5050.91,1
ETHUSDT,2023-09-22 22:19:00,1598.1,1598.19,1598.3,1597.92,1120.07,1
ETHUSDT,2023-09-22 22:18:00,1597.24,1598.1,1598.1,1597.23,5597.99,1
ETHUSDT,2023-09-22 22:17:00,1597.67,1597.24,1597.67,1597.03,2800.55,1
ETHUSDT,2023-09-22 22:16:00,1596.34,1597.67,1597.67,1596.34,3359.7,1
ETHUSDT,2023-09-22 22:15:00,1596.76,1596.34,1596.93,1596.34,3359.67,1
ETHUSDT,2023-09-22 22:14:00,1597.41,1596.76,1597.41,1596.63,2799.87,1
ETHUSDT,2023-09-22 22:13:00,1598.12,1597.41,1598.22,1597.39,6713.7,1
ETHUSDT,2023-09-22 22:12:00,1598.18,1598.12,1598.18,1597.83,5958.85,1
ETHUSDT,2023-09-22 22:11:00,1597.64,1598.18,1598.18,1597.21,6156.29,1
ETHUSDT,2023-09-22 22:10:00,1597.63,1597.64,1598.24,1597.45,7274.86,1
ETHUSDT,2023-09-22 22:09:00,1598.81,1597.63,1598.82,1597.38,12313.79,1
ETHUSDT,2023-09-22 22:08:00,1598.29,1598.81,1598.82,1598.29,6156.84,1
ETHUSDT,2023-09-22 22:07:00,1597.89,1598.29,1598.4,1597.89,3356.26,1
ETHUSDT,2023-09-22 22:06:00,1597.49,1597.89,1598,1597.48,2240.91,1
ETHUSDT,2023-09-22 22:05:00,1597.9,1597.49,1597.91,1597.4,3917.83,1
ETHUSDT,2023-09-22 22:04:00,1596.96,1597.9,1598.01,1596.9,7848.34,1
ETHUSDT,2023-09-22 22:03:00,1597.93,1596.96,1598.2,1596.96,8423.56,1
ETHUSDT,2023-09-22 22:02:00,1596.47,1597.93,1598,1596.47,11768.86,1
ETHUSDT,2023-09-22 22:01:00,1595.63,1596.47,1597,1595.49,8408.25,1
ETHUSDT,2023-09-22 22:00:00,1594.48,1595.63,1595.63,1594.47,11208.35,1
ETHUSDT,2023-09-22 21:59:00,1594.71,1594.48,1594.71,1594.15,3364.26,1
ETHUSDT,2023-09-22 21:58:00,1595.27,1594.71,1595.27,1594.44,6726.29,1
ETHUSDT,2023-09-22 21:57:00,1594.45,1595.27,1595.27,1594.35,4484.67,1
ETHUSDT,2023-09-22 21:56:00,1594.38,1594.45,1594.65,1594.37,2242.96,1
ETHUSDT,2023-09-22 21:55:00,1594.04,1594.38,1594.38,1594.04,3364.46,1
ETHUSDT,2023-09-22 21:54:00,1594.08,1594.04,1594.15,1593.9,3365,1
ETHUSDT,2023-09-22 21:53:00,1594.43,1594.08,1594.49,1594.08,3364.23,1
ETHUSDT,2023-09-22 21:52:00,1594.07,1594.43,1594.65,1594.07,2803.59,1
ETHUSDT,2023-09-22 21:51:00,1594.34,1594.07,1594.59,1594.07,2254.57,1
ETHUSDT,2023-09-22 21:50:00,1595.42,1594.34,1595.71,1594.34,7285.81,1
ETHUSDT,2023-09-22 21:49:00,1594.44,1595.42,1595.42,1593.82,6729.61,1
ETHUSDT,2023-09-22 21:48:00,1593.63,1594.44,1594.44,1593.41,6170.93,1
ETHUSDT,2023-09-22 21:47:00,1594,1593.63,1594,1593.62,1682.86,1
ETHUSDT,2023-09-22 21:46:00,1593.78,1594,1594.09,1593.78,3926.03,1
ETHUSDT,2023-09-22 21:45:00,1592.94,1593.78,1593.78,1592.68,5050.81,1
ETHUSDT,2023-09-22 21:44:00,1593,1592.94,1593,1592.87,2246.21,1
ETHUSDT,2023-09-22 21:43:00,1593.13,1593,1593.13,1592.54,1683.75,1
ETHUSDT,2023-09-22 21:42:00,1592.59,1593.13,1593.13,1592.58,1683.71,1
ETHUSDT,2023-09-22 21:41:00,1592.58,1592.59,1592.61,1592.58,1684.15,1
ETHUSDT,2023-09-22 21:40:00,1592,1592.58,1592.66,1592,3930.35,1
ETHUSDT,2023-09-22 21:39:00,1593.22,1592,1593.22,1592,2806.8,1
ETHUSDT,2023-09-22 21:38:00,1593.33,1593.22,1593.33,1592.81,3929.15,1
ETHUSDT,2023-09-22 21:37:00,1592.97,1593.33,1593.33,1592.86,4490.38,1
ETHUSDT,2023-09-22 21:36:00,1592.39,1592.97,1592.97,1592.39,762.15,1
ETHUSDT,2023-09-22 21:35:00,1592.46,1592.39,1592.48,1592.39,1684.29,1
ETHUSDT,2023-09-22 21:34:00,1592.41,1592.46,1592.47,1592.4,1122.94,1
ETHUSDT,2023-09-22 21:33:00,1591.54,1592.41,1592.41,1591.54,4492.73,1
ETHUSDT,2023-09-22 21:32:00,1591.61,1591.54,1591.72,1591.43,1685.14,1
ETHUSDT,2023-09-22 21:31:00,1592.15,1591.61,1592.15,1591.61,2807.74,1
ETHUSDT,2023-09-22 21:30:00,1592.34,1592.15,1592.41,1592.15,1130.44,1
ETHUSDT,2023-09-22 21:29:00,1592.58,1592.34,1592.59,1592.34,1122.84,1
ETHUSDT,2023-09-22 21:28:00,1592.05,1592.58,1592.67,1592.05,4491.37,1
ETHUSDT,2023-09-22 21:27:00,1592.6,1592.05,1592.6,1592.05,4491.51,1
ETHUSDT,2023-09-22 21:26:00,1592.5,1592.6,1592.85,1592.5,1122.7,1
ETHUSDT,2023-09-22 21:25:00,1591.93,1592.5,1592.51,1591.92,5615.06,1
ETHUSDT,2023-09-22 21:24:00,1591.25,1591.93,1591.93,1591.13,4494.29,1
ETHUSDT,2023-09-22 21:23:00,1591.27,1591.25,1591.27,1591.24,1123.75,1
ETHUSDT,2023-09-22 21:22:00,1591.26,1591.27,1591.33,1591.26,0.2,1
ETHUSDT,2023-09-22 21:21:00,1591.15,1591.26,1591.33,1591.15,561.93,1
ETHUSDT,2023-09-22 21:20:00,1591.16,1591.15,1591.16,1591.02,562.03,1
ETHUSDT,2023-09-22 21:19:00,1590.71,1591.16,1591.16,1590.71,1124,1
ETHUSDT,2023-09-22 21:18:00,1590.79,1590.71,1590.79,1590.71,1124.08,1
ETHUSDT,2023-09-22 21:17:00,1590.62,1590.79,1590.97,1590.41,2248.31,1
ETHUSDT,2023-09-22 21:16:00,1591,1590.62,1591,1590.62,1123.96,1
ETHUSDT,2023-09-22 21:15:00,1590.89,1591,1591,1590.69,1686.04,1
ETHUSDT,2023-09-22 21:14:00,1590.66,1590.89,1590.93,1590.65,1686.09,1
ETHUSDT,2023-09-22 21:13:00,1590.74,1590.66,1590.74,1590.53,2810.46,1
ETHUSDT,2023-09-22 21:12:00,1590.54,1590.74,1590.81,1590.54,3934.04,1
ETHUSDT,2023-09-22 21:11:00,1590.6,1590.54,1590.6,1590.21,3373.59,1
ETHUSDT,2023-09-22 21:10:00,1591.01,1590.6,1591.01,1590.21,1686.11,1
ETHUSDT,2023-09-22 21:09:00,1590.16,1591.01,1591.01,1590.15,2248.63,1
ETHUSDT,2023-09-22 21:08:00,1590.57,1590.16,1590.57,1589.93,2248.8,1
ETHUSDT,2023-09-22 21:07:00,1591.35,1590.57,1591.35,1590.57,3371.76,1
ETHUSDT,2023-09-22 21:06:00,1591.49,1591.35,1592,1591.19,4499.74,1
ETHUSDT,2023-09-22 21:05:00,1592.5,1591.49,1592.5,1591.49,3368.97,1
ETHUSDT,2023-09-22 21:04:00,1592.02,1592.5,1592.5,1592.02,2807.73,1
ETHUSDT,2023-09-22 21:03:00,1592.16,1592.02,1592.16,1591.95,2807.55,1
ETHUSDT,2023-09-22 21:02:00,1592.61,1592.16,1592.85,1592.15,3382.74,1
ETHUSDT,2023-09-22 21:01:00,1591.96,1592.61,1592.61,1591.95,3512.21,1
ETHUSDT,2023-09-22 21:00:00,1591.94,1591.96,1592.1,1591.93,1684.79,1
ETHUSDT,2023-09-22 20:59:00,1592.65,1591.94,1592.65,1591.93,3369.13,1
ETHUSDT,2023-09-22 20:58:00,1591.89,1592.65,1592.65,1591.89,8981.95,1
ETHUSDT,2023-09-22 20:57:00,1592.4,1591.89,1592.49,1591.89,2807.14,1
ETHUSDT,2023-09-22 20:56:00,1592.07,1592.4,1592.43,1592.07,2807.42,1
ETHUSDT,2023-09-22 20:55:00,1590.71,1592.07,1592.07,1590.7,6742.71,1
ETHUSDT,2023-09-22 20:54:00,1590.13,1590.71,1590.71,1590.11,1686.62,1
ETHUSDT,2023-09-22 20:53:00,1591.2,1590.13,1591.21,1590.13,5618.98,1
ETHUSDT,2023-09-22 20:52:00,1590.16,1591.2,1591.2,1590.15,2886.01,1
ETHUSDT,2023-09-22 20:51:00,1590.2,1590.16,1590.33,1590.1,4497.59,1
ETHUSDT,2023-09-22 20:50:00,1590.14,1590.2,1590.46,1590.07,3935.4,1
ETHUSDT,2023-09-22 20:49:00,1589.24,1590.14,1590.14,1589.24,5062.14,1
ETHUSDT,2023-09-22 20:48:00,1588.44,1589.24,1589.25,1588.44,3938.41,1
ETHUSDT,2023-09-22 20:47:00,1588.32,1588.44,1588.79,1588.31,1688.56,1
ETHUSDT,2023-09-22 20:46:00,1588.53,1588.32,1588.76,1588.24,7315.86,1
ETHUSDT,2023-09-22 20:45:00,1589.1,1588.53,1589.26,1588.53,1687.81,1
ETHUSDT,2023-09-22 20:44:00,1589.22,1589.1,1589.22,1589.09,1687.8,1
ETHUSDT,2023-09-22 20:43:00,1588.98,1589.22,1589.22,1588.97,1688.92,1
ETHUSDT,2023-09-22 20:42:00,1588.88,1588.98,1589.57,1588.88,3941.51,1
ETHUSDT,2023-09-22 20:41:00,1589.53,1588.88,1589.53,1588.72,7314.11,1
ETHUSDT,2023-09-22 20:40:00,1589.5,1589.53,1589.57,1589.5,1125.95,1
ETHUSDT,2023-09-22 20:39:00,1589.09,1589.5,1589.53,1589.09,4501.02,1
ETHUSDT,2023-09-22 20:38:00,1589.94,1589.09,1589.94,1588.53,7311.45,1
ETHUSDT,2023-09-22 20:37:00,1589.86,1589.94,1590.12,1589.79,3374.77,1
ETHUSDT,2023-09-22 20:36:00,1590.09,1589.86,1590.1,1589.85,3390.74,1
ETHUSDT,2023-09-22 20:35:00,1589.37,1590.09,1590.1,1589.35,4498.86,1
ETHUSDT,2023-09-22 20:34:00,1589.46,1589.37,1589.47,1589.32,6188.14,1
ETHUSDT,2023-09-22 20:33:00,1588.89,1589.46,1589.47,1588.89,7874.94,1
ETHUSDT,2023-09-22 20:32:00,1589.83,1588.89,1589.83,1588.89,2812.46,1
ETHUSDT,2023-09-22 20:31:00,1589.17,1589.83,1589.83,1588.82,11251.35,1
ETHUSDT,2023-09-22 20:30:00,1589.47,1589.17,1589.47,1589.01,1687.4,1
ETHUSDT,2023-09-22 20:29:00,1588.24,1589.47,1589.49,1588.22,6768.54,1
ETHUSDT,2023-09-22 20:28:00,1587.24,1588.24,1588.24,1587.23,6757.68,1
ETHUSDT,2023-09-22 20:27:00,1587.48,1587.24,1587.48,1587.15,6195.46,1
ETHUSDT,2023-09-22 20:26:00,1587.3,1587.48,1587.63,1587,11221.08,1
ETHUSDT,2023-09-22 20:25:00,1587.41,1587.3,1587.92,1587.06,12951.6,1
ETHUSDT,2023-09-22 20:24:00,1588.92,1587.41,1588.93,1587.23,11843.97,1
ETHUSDT,2023-09-22 20:23:00,1589.67,1588.92,1589.76,1588.92,4502.74,1
ETHUSDT,2023-09-22 20:22:00,1590.12,1589.67,1590.12,1589.64,2814.12,1
ETHUSDT,2023-09-22 20:21:00,1589.55,1590.12,1590.12,1589.54,1695.05,1
ETHUSDT,2023-09-22 20:20:00,1589.49,1589.55,1589.55,1589.49,2812.14,1
ETHUSDT,2023-09-22 20:19:00,1590.15,1589.49,1590.15,1589.49,2811.49,1
ETHUSDT,2023-09-22 20:18:00,1590,1590.15,1590.18,1589.97,2249.48,1
ETHUSDT,2023-09-22 20:17:00,1590.52,1590,1590.54,1589.95,4497.19,1
ETHUSDT,2023-09-22 20:16:00,1589.96,1590.52,1590.52,1589.96,2811.01,1
ETHUSDT,2023-09-22 20:15:00,1589.56,1589.96,1590.44,1589.56,5625.71,1
ETHUSDT,2023-09-22 20:14:00,1590.12,1589.56,1590.12,1589.54,3936.41,1
ETHUSDT,2023-09-22 20:13:00,1590.02,1590.12,1590.14,1589.9,2811.3,1
ETHUSDT,2023-09-22 20:12:00,1589.01,1590.02,1590.18,1589.01,5061.49,1
ETHUSDT,2023-09-22 20:11:00,1589.25,1589.01,1589.25,1588.55,5626.71,1
ETHUSDT,2023-09-22 20:10:00,1589.57,1589.25,1589.57,1589.25,4499.91,1
ETHUSDT,2023-09-22 20:09:00,1589.73,1589.57,1589.73,1589.56,2812.07,1
ETHUSDT,2023-09-22 20:08:00,1589.66,1589.73,1589.8,1589.48,2814.93,1
ETHUSDT,2023-09-22 20:07:00,1589.67,1589.66,1589.82,1589.66,2255.45,1
ETHUSDT,2023-09-22 20:06:00,1590.42,1589.67,1590.43,1589.62,4498,1
ETHUSDT,2023-09-22 20:05:00,1591.29,1590.42,1591.3,1590.42,4495.46,1
ETHUSDT,2023-09-22 20:04:00,1591.22,1591.29,1591.4,1591.21,3940.69,1
ETHUSDT,2023-09-22 20:03:00,1590.52,1591.22,1591.22,1590.52,4526.85,1
ETHUSDT,2023-09-22 20:02:00,1589.66,1590.52,1590.56,1589.65,4509.92,1
ETHUSDT,2023-09-22 20:01:00,1589.69,1589.66,1589.73,1589.49,4529.62,1
ETHUSDT,2023-09-22 20:00:00,1589.8,1589.69,1589.97,1589.61,6186.2,1
ETHUSDT,2023-09-22 19:59:00,1589.8,1589.8,1589.8,1589.41,4502.32,1
ETHUSDT,2023-09-22 19:58:00,1590.1,1589.8,1590.12,1589.8,2249.06,1
ETHUSDT,2023-09-22 19:57:00,1589.91,1590.1,1590.1,1589.75,5623.2,1
ETHUSDT,2023-09-22 19:56:00,1589.5,1589.91,1590.41,1589.5,5060.96,1
ETHUSDT,2023-09-22 19:55:00,1589.5,1589.5,1590.04,1589.49,5629.81,1
ETHUSDT,2023-09-22 19:54:00,1589.69,1589.5,1589.82,1589.49,6748.62,1
ETHUSDT,2023-09-22 19:53:00,1589.59,1589.69,1589.73,1589.59,6185.65,1
ETHUSDT,2023-09-22 19:52:00,1588.96,1589.59,1589.6,1588.88,4544.96,1
ETHUSDT,2023-09-22 19:51:00,1588.82,1588.96,1588.96,1588.71,8439.61,1
ETHUSDT,2023-09-22 19:50:00,1588.57,1588.82,1589.42,1588.56,6147.57,1
ETHUSDT,2023-09-22 19:49:00,1588.86,1588.57,1588.86,1588.47,11358.66,1
ETHUSDT,2023-09-22 19:48:00,1589,1588.86,1589,1588.42,7316.05,1
ETHUSDT,2023-09-22 19:47:00,1590.2,1589,1590.2,1589,7879.42,1
ETHUSDT,2023-09-22 19:46:00,1590.31,1590.2,1590.5,1590.19,6286.7,1
ETHUSDT,2023-09-22 19:45:00,1591.36,1590.31,1591.44,1590.31,7804.65,1
ETHUSDT,2023-09-22 19:44:00,1590.67,1591.36,1591.54,1590.67,6742.15,1
ETHUSDT,2023-09-22 19:43:00,1591.28,1590.67,1591.29,1590.67,5642.45,1
ETHUSDT,2023-09-22 19:42:00,1591.45,1591.28,1591.79,1591.28,8998.96,1
ETHUSDT,2023-09-22 19:41:00,1590.34,1591.45,1591.45,1590.34,8992.28,1
ETHUSDT,2023-09-22 19:40:00,1591.45,1590.34,1591.45,1589.86,10127.74,1
ETHUSDT,2023-09-22 19:39:00,1591.73,1591.45,1592.12,1591.45,2895.41,1
ETHUSDT,2023-09-22 19:38:00,1591.76,1591.73,1591.82,1591.68,4493.14,1
ETHUSDT,2023-09-22 19:37:00,1592.44,1591.76,1592.44,1591.76,5054.6,1
ETHUSDT,2023-09-22 19:36:00,1593.04,1592.44,1593.05,1592.44,2245.34,1
ETHUSDT,2023-09-22 19:35:00,1592.79,1593.04,1593.07,1592.78,3367.34,1
ETHUSDT,2023-09-22 19:34:00,1593.18,1592.79,1593.19,1592.4,3932.38,1
ETHUSDT,2023-09-22 19:33:00,1593.75,1593.18,1594.01,1593.18,2804.84,1
ETHUSDT,2023-09-22 19:32:00,1593.28,1593.75,1593.76,1593.28,2804.98,1
ETHUSDT,2023-09-22 19:31:00,1593.27,1593.28,1593.35,1593.27,2809.43,1
ETHUSDT,2023-09-22 19:30:00,1592.62,1593.27,1593.28,1592.62,5613.59,1
ETHUSDT,2023-09-22 19:29:00,1592.71,1592.62,1592.72,1592.62,1122.71,1
ETHUSDT,2023-09-22 19:28:00,1592.99,1592.71,1593.09,1592.71,1123.64,1
ETHUSDT,2023-09-22 19:27:00,1592.87,1592.99,1593.04,1592.87,5050.65,1
ETHUSDT,2023-09-22 19:26:00,1593.13,1592.87,1593.13,1592.71,3928.58,1
ETHUSDT,2023-09-22 19:25:00,1593.82,1593.13,1593.82,1593.13,3365.9,1
ETHUSDT,2023-09-22 19:24:00,1594.26,1593.82,1594.38,1593.82,3364.8,1
ETHUSDT,2023-09-22 19:23:00,1593.48,1594.26,1594.26,1593.41,6170.6,1
ETHUSDT,2023-09-22 19:22:00,1593.4,1593.48,1593.48,1592.85,2806.32,1
ETHUSDT,2023-09-22 19:21:00,1593.5,1593.4,1593.6,1593.4,1685.16,1
ETHUSDT,2023-09-22 19:20:00,1593.78,1593.5,1593.96,1593.5,3365.74,1
ETHUSDT,2023-09-22 19:19:00,1593.68,1593.78,1593.78,1593.53,2804.87,1
ETHUSDT,2023-09-22 19:18:00,1593.01,1593.68,1593.68,1593,1683.29,1
ETHUSDT,2023-09-22 19:17:00,1593.09,1593.01,1593.35,1592.92,5053.45,1
ETHUSDT,2023-09-22 19:16:00,1593.04,1593.09,1593.09,1592.81,3928.3,1
ETHUSDT,2023-09-22 19:15:00,1592.92,1593.04,1593.13,1592.91,7856.55,1
ETHUSDT,2023-09-22 19:14:00,1593.22,1592.92,1593.22,1592.67,6742.01,1
ETHUSDT,2023-09-22 19:13:00,1592.42,1593.22,1593.22,1592.42,6735.11,1
ETHUSDT,2023-09-22 19:12:00,1592.7,1592.42,1592.71,1592.32,5052.06,1
ETHUSDT,2023-09-22 19:11:00,1592.32,1592.7,1592.91,1592.32,2245.32,1
ETHUSDT,2023-09-22 19:10:00,1592.67,1592.32,1592.9,1592.31,11233.7,1
ETHUSDT,2023-09-22 19:09:00,1592.24,1592.67,1592.68,1592.22,5053.07,1
ETHUSDT,2023-09-22 19:08:00,1592.78,1592.24,1592.78,1592.24,8441.03,1
ETHUSDT,2023-09-22 19:07:00,1592.95,1592.78,1592.96,1592.56,2806.38,1
ETHUSDT,2023-09-22 19:06:00,1592.79,1592.95,1593.13,1592.79,2244.69,1
ETHUSDT,2023-09-22 19:05:00,1592.77,1592.79,1593.03,1592.63,3929.2,1
ETHUSDT,2023-09-22 19:04:00,1593.64,1592.77,1593.66,1592.77,5611.99,1
ETHUSDT,2023-09-22 19:03:00,1594.02,1593.64,1594.24,1593.5,1130.13,1
ETHUSDT,2023-09-22 19:02:00,1594.38,1594.02,1594.44,1594.02,3940.82,1
ETHUSDT,2023-09-22 19:01:00,1593.46,1594.38,1594.38,1593.46,4992.45,1
ETHUSDT,2023-09-22 19:00:00,1593.55,1593.46,1593.58,1593.28,8725,1
ETHUSDT,2023-09-22 18:59:00,1594.09,1593.55,1594.1,1593.46,6182.28,1
ETHUSDT,2023-09-22 18:58:00,1593.51,1594.09,1594.1,1593.5,5609.13,1
ETHUSDT,2023-09-22 18:57:00,1593.33,1593.51,1593.51,1593.32,6171.63,1
ETHUSDT,2023-09-22 18:56:00,1593.66,1593.33,1593.67,1593.33,5609.65,1
ETHUSDT,2023-09-22 18:55:00,1594.72,1593.66,1594.72,1593.58,6730.32,1
ETHUSDT,2023-09-22 18:54:00,1594.51,1594.72,1594.84,1594.51,3363.5,1
ETHUSDT,2023-09-22 18:53:00,1594.24,1594.51,1594.56,1594.24,6728.14,1
ETHUSDT,2023-09-22 18:52:00,1595.15,1594.24,1595.15,1594.24,6726.73,1
ETHUSDT,2023-09-22 18:51:00,1595.27,1595.15,1595.76,1595.15,3372.4,1
ETHUSDT,2023-09-22 18:50:00,1595.06,1595.27,1595.27,1595.04,3364.57,1
ETHUSDT,2023-09-22 18:49:00,1595.49,1595.06,1595.51,1595.06,3362.59,1
ETHUSDT,2023-09-22 18:48:00,1595.38,1595.49,1595.91,1595.38,2806.95,1
ETHUSDT,2023-09-22 18:47:00,1596.08,1595.38,1596.08,1595.38,2241.1,1
ETHUSDT,2023-09-22 18:46:00,1595.91,1596.08,1596.11,1595.91,4485.51,1
ETHUSDT,2023-09-22 18:45:00,1595.65,1595.91,1595.92,1595.64,2242.83,1
ETHUSDT,2023-09-22 18:44:00,1596,1595.65,1596,1595.24,3921.74,1
ETHUSDT,2023-09-22 18:43:00,1596.44,1596,1596.45,1595.99,3360.3,1
ETHUSDT,2023-09-22 18:42:00,1596.27,1596.44,1596.48,1596.27,1120.09,1
ETHUSDT,2023-09-22 18:41:00,1597.36,1596.27,1597.36,1596.27,4479.57,1
ETHUSDT,2023-09-22 18:40:00,1597.08,1597.36,1597.39,1597.08,1680.06,1
ETHUSDT,2023-09-22 18:39:00,1597.08,1597.08,1597.39,1597.08,1119.54,1
ETHUSDT,2023-09-22 18:38:00,1597.5,1597.08,1597.5,1597.07,566.53,1
ETHUSDT,2023-09-22 18:37:00,1597.68,1597.5,1597.68,1597.4,3876.54,1
ETHUSDT,2023-09-22 18:36:00,1597.95,1597.68,1598.37,1597.68,5035.54,1
ETHUSDT,2023-09-22 18:35:00,1598.4,1597.95,1598.41,1597.9,3915.47,1
ETHUSDT,2023-09-22 18:34:00,1597.83,1598.4,1598.4,1597.83,3356.47,1
ETHUSDT,2023-09-22 18:33:00,1598,1597.83,1598.15,1597.78,5040.32,1
ETHUSDT,2023-09-22 18:32:00,1598.22,1598,1598.25,1598,3924.49,1
ETHUSDT,2023-09-22 18:31:00,1597.3,1598.22,1598.25,1597.3,3357.27,1
ETHUSDT,2023-09-22 18:30:00,1597.45,1597.3,1597.45,1596.97,2800.26,1
ETHUSDT,2023-09-22 18:29:00,1597.67,1597.45,1597.67,1597.43,3199.44,1
ETHUSDT,2023-09-22 18:28:00,1597.45,1597.67,1597.67,1597.45,1682.01,1
ETHUSDT,2023-09-22 18:27:00,1597.94,1597.45,1597.94,1597.45,2238.04,1
ETHUSDT,2023-09-22 18:26:00,1597.85,1597.94,1598,1597.85,1682.94,1
ETHUSDT,2023-09-22 18:25:00,1597.3,1597.85,1597.85,1597.3,4476.78,1
ETHUSDT,2023-09-22 18:24:00,1596.78,1597.3,1597.3,1596.78,4478.28,1
ETHUSDT,2023-09-22 18:23:00,1597.08,1596.78,1597.08,1596.62,3359.5,1
ETHUSDT,2023-09-22 18:22:00,1597.43,1597.08,1597.44,1597.08,3917.87,1
ETHUSDT,2023-09-22 18:21:00,1597.86,1597.43,1597.99,1597.43,5595.23,1
ETHUSDT,2023-09-22 18:20:00,1598.13,1597.86,1598.17,1597.8,6712.81,1
ETHUSDT,2023-09-22 18:19:00,1597.39,1598.13,1598.13,1597.23,5036.22,1
ETHUSDT,2023-09-22 18:18:00,1596.3,1597.39,1597.55,1596.29,5598.66,1
ETHUSDT,2023-09-22 18:17:00,1595.29,1596.3,1596.3,1595.29,5041.59,1
ETHUSDT,2023-09-22 18:16:00,1595.54,1595.29,1595.7,1595.25,2241.57,1
ETHUSDT,2023-09-22 18:15:00,1595.66,1595.54,1595.66,1595.54,2241.19,1
ETHUSDT,2023-09-22 18:14:00,1595.29,1595.66,1596,1595.29,4482.4,1
ETHUSDT,2023-09-22 18:13:00,1595.48,1595.29,1595.48,1595.29,1120.89,1
ETHUSDT,2023-09-22 18:12:00,1596.07,1595.48,1596.11,1595.48,5602.44,1
ETHUSDT,2023-09-22 18:11:00,1596.43,1596.07,1596.43,1596.07,0.07,1
ETHUSDT,2023-09-22 18:10:00,1596.76,1596.43,1596.79,1596.42,3919.44,1
ETHUSDT,2023-09-22 18:09:00,1598.42,1596.76,1598.43,1596.76,5595.52,1
ETHUSDT,2023-09-22 18:08:00,1598.61,1598.42,1598.61,1598.08,8393.18,1
ETHUSDT,2023-09-22 18:07:00,1597.1,1598.61,1598.64,1597.1,8954.2,1
ETHUSDT,2023-09-22 18:06:00,1596.85,1597.1,1597.1,1596.84,3918.72,1
ETHUSDT,2023-09-22 18:05:00,1595.89,1596.85,1596.85,1595.89,5040.26,1
ETHUSDT,2023-09-22 18:04:00,1596.99,1595.89,1596.99,1595.83,5600.6,1
ETHUSDT,2023-09-22 18:03:00,1597.38,1596.99,1597.38,1596.99,4478.11,1
ETHUSDT,2023-09-22 18:02:00,1597.72,1597.38,1597.81,1597.38,5036.18,1
ETHUSDT,2023-09-22 18:01:00,1598.19,1597.72,1599,1597.51,6215.21,1
ETHUSDT,2023-09-22 18:00:00,1598.45,1598.19,1599.02,1598.19,8680.36,1
ETHUSDT,2023-09-22 17:59:00,1598.95,1598.45,1598.95,1598.3,6153.81,1
ETHUSDT,2023-09-22 17:58:00,1597.76,1598.95,1598.95,1596.97,7832.61,1
ETHUSDT,2023-09-22 17:57:00,1596.25,1597.76,1597.76,1596.17,11199.74,1
ETHUSDT,2023-09-22 17:56:00,1596.25,1596.25,1596.28,1596.24,3956.28,1
ETHUSDT,2023-09-22 17:55:00,1594.92,1596.25,1596.35,1594.92,5623.59,1
ETHUSDT,2023-09-22 17:54:00,1595.07,1594.92,1595.07,1594.92,5044.36,1
ETHUSDT,2023-09-22 17:53:00,1594.67,1595.07,1595.41,1594.67,5605.81,1
ETHUSDT,2023-09-22 17:52:00,1594.54,1594.67,1594.7,1594.51,3924.54,1
ETHUSDT,2023-09-22 17:51:00,1595.08,1594.54,1595.48,1594.41,10648.94,1
ETHUSDT,2023-09-22 17:50:00,1595.46,1595.08,1595.47,1595.07,6726.39,1
ETHUSDT,2023-09-22 17:49:00,1596.27,1595.46,1596.27,1595.46,5601.15,1
ETHUSDT,2023-09-22 17:48:00,1595.93,1596.27,1596.27,1595.71,2801.47,1
ETHUSDT,2023-09-22 17:47:00,1596.28,1595.93,1596.75,1595.8,6161.51,1
ETHUSDT,2023-09-22 17:46:00,1596.84,1596.28,1596.97,1596.28,7838.37,1
ETHUSDT,2023-09-22 17:45:00,1597.64,1596.84,1597.92,1596.84,6159.39,1
ETHUSDT,2023-09-22 17:44:00,1598.09,1597.64,1598.09,1597.62,5595.01,1
ETHUSDT,2023-09-22 17:43:00,1597.52,1598.09,1598.09,1597.51,6162.5,1
ETHUSDT,2023-09-22 17:42:00,1597.13,1597.52,1597.52,1596.96,4477.6,1
ETHUSDT,2023-09-22 17:41:00,1597.82,1597.13,1597.86,1596.96,2804.12,1
ETHUSDT,2023-09-22 17:40:00,1597.85,1597.82,1597.91,1597.52,5595.62,1
ETHUSDT,2023-09-22 17:39:00,1598.22,1597.85,1598.22,1597.85,5034.96,1
ETHUSDT,2023-09-22 17:38:00,1598.86,1598.22,1599,1598.19,6713.26,1
ETHUSDT,2023-09-22 17:37:00,1598.67,1598.86,1599.09,1598.38,2252.7,1
ETHUSDT,2023-09-22 17:36:00,1598.01,1598.67,1598.81,1598.01,7281.24,1
ETHUSDT,2023-09-22 17:35:00,1598.19,1598.01,1599.03,1598.01,6709.78,1
ETHUSDT,2023-09-22 17:34:00,1598.98,1598.19,1598.98,1598.19,8949.12,1
ETHUSDT,2023-09-22 17:33:00,1599.26,1598.98,1599.4,1598.98,5590.33,1
ETHUSDT,2023-09-22 17:32:00,1599.2,1599.26,1599.3,1598.65,10621.42,1
ETHUSDT,2023-09-22 17:31:00,1597.61,1599.2,1599.2,1597.6,11261.61,1
ETHUSDT,2023-09-22 17:30:00,1596.48,1597.61,1597.65,1596.48,7837.64,1
ETHUSDT,2023-09-22 17:29:00,1596.37,1596.48,1596.48,1596.19,1125.37,1
ETHUSDT,2023-09-22 17:28:00,1595.58,1596.37,1596.37,1595.57,4481.77,1
ETHUSDT,2023-09-22 17:27:00,1595.89,1595.58,1595.89,1595.57,4481.75,1
ETHUSDT,2023-09-22 17:26:00,1596.24,1595.89,1596.7,1595.88,2240.68,1
ETHUSDT,2023-09-22 17:25:00,1597.12,1596.24,1597.12,1596.24,3919.33,1
ETHUSDT,2023-09-22 17:24:00,1596.61,1597.12,1597.12,1596.14,6159.63,1
ETHUSDT,2023-09-22 17:23:00,1595.61,1596.61,1596.61,1595.61,2800.6,1
ETHUSDT,2023-09-22 17:22:00,1595.39,1595.61,1595.62,1595.26,7898.44,1
ETHUSDT,2023-09-22 17:21:00,1595.13,1595.39,1595.39,1594.59,4485.77,1
ETHUSDT,2023-09-22 17:20:00,1594.91,1595.13,1595.17,1594.74,7286.49,1
ETHUSDT,2023-09-22 17:19:00,1594.07,1594.91,1594.91,1594,7850.7,1
ETHUSDT,2023-09-22 17:18:00,1593.89,1594.07,1594.68,1593.87,7292.05,1
ETHUSDT,2023-09-22 17:17:00,1594.7,1593.89,1594.71,1593.61,9049.23,1
ETHUSDT,2023-09-22 17:16:00,1595.9,1594.7,1595.9,1594.7,10164.33,1
ETHUSDT,2023-09-22 17:15:00,1596.85,1595.9,1597.31,1595.9,9579.78,1
ETHUSDT,2023-09-22 17:14:00,1597.5,1596.85,1597.67,1596.85,8953.41,1
ETHUSDT,2023-09-22 17:13:00,1597.52,1597.5,1597.53,1597.38,5596.27,1
ETHUSDT,2023-09-22 17:12:00,1598.2,1597.52,1598.21,1597.4,4476.21,1
ETHUSDT,2023-09-22 17:11:00,1598.2,1598.2,1598.23,1597.75,4476.04,1
ETHUSDT,2023-09-22 17:10:00,1599.46,1598.2,1599.46,1598.09,7269.55,1
ETHUSDT,2023-09-22 17:09:00,1599.8,1599.46,1599.8,1599.41,3353.64,1
ETHUSDT,2023-09-22 17:08:00,1600.38,1599.8,1600.47,1599.55,10613.92,1
ETHUSDT,2023-09-22 17:07:00,1599.99,1600.38,1600.62,1599.92,9606.88,1
ETHUSDT,2023-09-22 17:06:00,1599.03,1599.99,1599.99,1599.03,15798.68,1
ETHUSDT,2023-09-22 17:05:00,1597.3,1599.03,1599.03,1597.3,12308.14,1
ETHUSDT,2023-09-22 17:04:00,1595.4,1597.3,1597.3,1595.4,10086.49,1
ETHUSDT,2023-09-22 17:03:00,1595.06,1595.4,1595.4,1595.06,3424.21,1
ETHUSDT,2023-09-22 17:02:00,1595.32,1595.06,1595.33,1595.06,2802.25,1
ETHUSDT,2023-09-22 17:01:00,1595.67,1595.32,1595.67,1595.26,2241.63,1
ETHUSDT,2023-09-22 17:00:00,1596.24,1595.67,1596.95,1595.66,7281.37,1
ETHUSDT,2023-09-22 16:59:00,1595.39,1596.24,1596.24,1595.38,6162.21,1
ETHUSDT,2023-09-22 16:58:00,1595.16,1595.39,1595.39,1594.9,6170.71,1
ETHUSDT,2023-09-22 16:57:00,1594.8,1595.16,1595.67,1594.8,4482.92,1
ETHUSDT,2023-09-22 16:56:00,1594.54,1594.8,1595.54,1594.5,6171.22,1
ETHUSDT,2023-09-22 16:55:00,1593.67,1594.54,1594.57,1593.67,7293.76,1
ETHUSDT,2023-09-22 16:54:00,1594.73,1593.67,1594.73,1593.41,14580.92,1
ETHUSDT,2023-09-22 16:53:00,1596.03,1594.73,1596.03,1594.73,8403.47,1
ETHUSDT,2023-09-22 16:52:00,1596.22,1596.03,1597.12,1596.03,8399,1
ETHUSDT,2023-09-22 16:51:00,1596.32,1596.22,1596.61,1596.22,3920.37,1
ETHUSDT,2023-09-22 16:50:00,1596.61,1596.32,1596.97,1596,3359.79,1
ETHUSDT,2023-09-22 16:49:00,1596.28,1596.61,1596.61,1596.01,4480.28,1
ETHUSDT,2023-09-22 16:48:00,1596.8,1596.28,1596.8,1596.28,5600.18,1
ETHUSDT,2023-09-22 16:47:00,1596.73,1596.8,1597.49,1596.63,5598.63,1
ETHUSDT,2023-09-22 16:46:00,1595.63,1596.73,1597.49,1595.62,6734.46,1
ETHUSDT,2023-09-22 16:45:00,1594.48,1595.63,1595.63,1594.47,9268.95,1
ETHUSDT,2023-09-22 16:44:00,1594.34,1594.48,1594.48,1593.33,8575.23,1
ETHUSDT,2023-09-22 16:43:00,1594.33,1594.34,1594.68,1594.26,3838.42,1
ETHUSDT,2023-09-22 16:42:00,1594.65,1594.33,1594.85,1594.19,3363.7,1
ETHUSDT,2023-09-22 16:41:00,1595.81,1594.65,1595.82,1594.65,3926.58,1
ETHUSDT,2023-09-22 16:40:00,1596.23,1595.81,1596.23,1595.64,2240.86,1
ETHUSDT,2023-09-22 16:39:00,1596.19,1596.23,1596.31,1595.76,3920.56,1
ETHUSDT,2023-09-22 16:38:00,1596.13,1596.19,1596.42,1596.13,3920.3,1
ETHUSDT,2023-09-22 16:37:00,1595.85,1596.13,1596.24,1595.84,2240.71,1
ETHUSDT,2023-09-22 16:36:00,1595.78,1595.85,1595.85,1595.73,3930.57,1
ETHUSDT,2023-09-22 16:35:00,1597.78,1595.78,1597.78,1595.78,7836.68,1
ETHUSDT,2023-09-22 16:34:00,1597.8,1597.78,1597.83,1597.43,3366.39,1
ETHUSDT,2023-09-22 16:33:00,1597.4,1597.8,1597.8,1597.39,6715.33,1
ETHUSDT,2023-09-22 16:32:00,1595.97,1597.4,1597.4,1595.68,8402.04,1
ETHUSDT,2023-09-22 16:31:00,1596.36,1595.97,1596.36,1595.96,3920.51,1
ETHUSDT,2023-09-22 16:30:00,1596.74,1596.36,1596.74,1596.36,2799.53,1
ETHUSDT,2023-09-22 16:29:00,1596.57,1596.74,1596.74,1596.55,1679.86,1
ETHUSDT,2023-09-22 16:28:00,1596.52,1596.57,1596.57,1596.52,1679.98,1
ETHUSDT,2023-09-22 16:27:00,1596.61,1596.52,1596.61,1596.52,1119.95,1
ETHUSDT,2023-09-22 16:26:00,1596.88,1596.61,1596.88,1596.28,2271.66,1
ETHUSDT,2023-09-22 16:25:00,1596.88,1596.88,1596.88,1596.78,0.08,1
ETHUSDT,2023-09-22 16:24:00,1596.78,1596.88,1596.88,1596.78,0.1,1
ETHUSDT,2023-09-22 16:23:00,1596.87,1596.78,1596.88,1596.78,0.09,1
ETHUSDT,2023-09-22 16:22:00,1597.32,1596.87,1597.32,1596.87,3923.79,1
ETHUSDT,2023-09-22 16:21:00,1596.28,1597.32,1597.32,1596.22,7277.77,1
ETHUSDT,2023-09-22 16:20:00,1596.28,1596.28,1596.28,1596.26,1120.19,1
ETHUSDT,2023-09-22 16:19:00,1596.22,1596.28,1596.28,1596.22,1680.19,1
ETHUSDT,2023-09-22 16:18:00,1595.79,1596.22,1596.33,1595.79,1680.39,1
ETHUSDT,2023-09-22 16:17:00,1595.78,1595.79,1596.01,1595.78,2240.88,1
ETHUSDT,2023-09-22 16:16:00,1595.72,1595.78,1595.8,1595.67,2213.71,1
ETHUSDT,2023-09-22 16:15:00,1595.65,1595.72,1595.72,1595.65,560.31,1
ETHUSDT,2023-09-22 16:14:00,1595.93,1595.65,1595.93,1595.65,1120.6,1
ETHUSDT,2023-09-22 16:13:00,1595.83,1595.93,1595.93,1595.45,2801.18,1
ETHUSDT,2023-09-22 16:12:00,1595.52,1595.83,1595.83,1595.46,563.33,1
ETHUSDT,2023-09-22 16:11:00,1595.57,1595.52,1595.67,1595.52,563.76,1
ETHUSDT,2023-09-22 16:10:00,1595.56,1595.57,1595.57,1595.55,3364.6,1
ETHUSDT,2023-09-22 16:09:00,1595.55,1595.56,1595.59,1595.55,1120.68,1
ETHUSDT,2023-09-22 16:08:00,1595.09,1595.55,1595.84,1595.09,3361.79,1
ETHUSDT,2023-09-22 16:07:00,1594.79,1595.09,1595.51,1594.79,3363.01,1
ETHUSDT,2023-09-22 16:06:00,1595.28,1594.79,1595.29,1594.79,2241.96,1
ETHUSDT,2023-09-22 16:05:00,1594.45,1595.28,1595.49,1594.45,3367.34,1
ETHUSDT,2023-09-22 16:04:00,1594.73,1594.45,1594.73,1594.45,3363.98,1
ETHUSDT,2023-09-22 16:03:00,1595.08,1594.73,1595.09,1594.73,2802.6,1
ETHUSDT,2023-09-22 16:02:00,1595.69,1595.08,1595.88,1595.08,2868.75,1
ETHUSDT,2023-09-22 16:01:00,1595.13,1595.69,1595.7,1595.13,1125.06,1
ETHUSDT,2023-09-22 16:00:00,1595.2,1595.13,1595.33,1595.13,2243.72,1
ETHUSDT,2023-09-22 15:59:00,1595.19,1595.2,1595.39,1595.13,1120.92,1
ETHUSDT,2023-09-22 15:58:00,1595.05,1595.19,1595.41,1595.03,3362.44,1
ETHUSDT,2023-09-22 15:57:00,1595,1595.05,1595.31,1595,6165.25,1
ETHUSDT,2023-09-22 15:56:00,1596.13,1595,1596.13,1594.76,5043.06,1
ETHUSDT,2023-09-22 15:55:00,1595.9,1596.13,1596.3,1595.9,3920.65,1
ETHUSDT,2023-09-22 15:54:00,1595.44,1595.9,1595.91,1595.44,4482.21,1
ETHUSDT,2023-09-22 15:53:00,1595.69,1595.44,1595.69,1595.24,3362.43,1
ETHUSDT,2023-09-22 15:52:00,1596.04,1595.69,1596.04,1595.24,5042.38,1
ETHUSDT,2023-09-22 15:51:00,1596.19,1596.04,1596.34,1596.03,2800.56,1
ETHUSDT,2023-09-22 15:50:00,1596.39,1596.19,1596.39,1596.19,1680.36,1
ETHUSDT,2023-09-22 15:49:00,1596.67,1596.39,1596.67,1596.18,3920.27,1
ETHUSDT,2023-09-22 15:48:00,1597.16,1596.67,1597.51,1596.29,3359.15,1
ETHUSDT,2023-09-22 15:47:00,1597.51,1597.16,1597.53,1597.16,2797.99,1
ETHUSDT,2023-09-22 15:46:00,1597.51,1597.51,1597.51,1597.4,2798.46,1
ETHUSDT,2023-09-22 15:45:00,1597.62,1597.51,1597.62,1597.42,4478.92,1
ETHUSDT,2023-09-22 15:44:00,1597.28,1597.62,1597.62,1597.25,1119.43,1
ETHUSDT,2023-09-22 15:43:00,1597.17,1597.28,1597.28,1597.17,0.18,1
ETHUSDT,2023-09-22 15:42:00,1597.3,1597.17,1597.45,1596.92,1679.67,1
ETHUSDT,2023-09-22 15:41:00,1597.33,1597.3,1597.54,1597.3,1696.93,1
ETHUSDT,2023-09-22 15:40:00,1595.86,1597.33,1597.33,1595.85,9550.24,1
ETHUSDT,2023-09-22 15:39:00,1595.85,1595.86,1595.92,1595.81,3361.16,1
ETHUSDT,2023-09-22 15:38:00,1596.03,1595.85,1596.04,1595.85,1680.5,1
ETHUSDT,2023-09-22 15:37:00,1595.54,1596.03,1596.03,1595.4,2801.1,1
ETHUSDT,2023-09-22 15:36:00,1595.71,1595.54,1595.71,1595.38,7283.97,1
ETHUSDT,2023-09-22 15:35:00,1596.31,1595.71,1596.4,1595.71,7281.25,1
ETHUSDT,2023-09-22 15:34:00,1597.09,1596.31,1597.09,1596.31,5607.67,1
ETHUSDT,2023-09-22 15:33:00,1599.25,1597.09,1599.25,1597.09,10069.74,1
ETHUSDT,2023-09-22 15:32:00,1599.43,1599.25,1599.43,1598.89,4484.1,1
ETHUSDT,2023-09-22 15:31:00,1599.22,1599.43,1599.43,1599.19,5031.51,1
ETHUSDT,2023-09-22 15:30:00,1598.99,1599.22,1599.22,1598.91,2795.52,1
ETHUSDT,2023-09-22 15:29:00,1598.91,1598.99,1599,1598.91,564.97,1
ETHUSDT,2023-09-22 15:28:00,1598.87,1598.91,1598.99,1598.83,1118.36,1
ETHUSDT,2023-09-22 15:27:00,1599.02,1598.87,1599.03,1598.87,2236.44,1
ETHUSDT,2023-09-22 15:26:00,1598.89,1599.02,1599.24,1598.8,2813.14,1
ETHUSDT,2023-09-22 15:25:00,1599.07,1598.89,1599.07,1598.66,8387.07,1
ETHUSDT,2023-09-22 15:24:00,1598.8,1599.07,1599.4,1598.8,6721.18,1
ETHUSDT,2023-09-22 15:23:00,1598.06,1598.8,1598.81,1598.06,3355.5,1
ETHUSDT,2023-09-22 15:22:00,1597.51,1598.06,1598.47,1597.51,2797.67,1
ETHUSDT,2023-09-22 15:21:00,1597.36,1597.51,1597.56,1597.34,4477.04,1
ETHUSDT,2023-09-22 15:20:00,1597.93,1597.36,1598.18,1597.36,3916.15,1
ETHUSDT,2023-09-22 15:19:00,1598.24,1597.93,1598.24,1597.86,2243.44,1
ETHUSDT,2023-09-22 15:18:00,1598.35,1598.24,1598.43,1598.24,3253.14,1
ETHUSDT,2023-09-22 15:17:00,1598,1598.35,1598.6,1598,4072.31,1
ETHUSDT,2023-09-22 15:16:00,1597.39,1598,1598,1597.34,2244.51,1
ETHUSDT,2023-09-22 15:15:00,1597.35,1597.39,1597.39,1597.34,0.2,1
ETHUSDT,2023-09-22 15:14:00,1597.29,1597.35,1597.39,1597.29,559.81,1
ETHUSDT,2023-09-22 15:13:00,1597.22,1597.29,1597.3,1597.22,1125.28,1
ETHUSDT,2023-09-22 15:12:00,1597.28,1597.22,1597.32,1597.19,1119.53,1
ETHUSDT,2023-09-22 15:11:00,1597.5,1597.28,1597.71,1597.28,2238.28,1
ETHUSDT,2023-09-22 15:10:00,1597.46,1597.5,1597.53,1597.46,3917.42,1
ETHUSDT,2023-09-22 15:09:00,1597.48,1597.46,1597.48,1597.22,3925.75,1
ETHUSDT,2023-09-22 15:08:00,1597.22,1597.48,1597.48,1597.14,2238.93,1
ETHUSDT,2023-09-22 15:07:00,1597.18,1597.22,1597.22,1597.13,1679.28,1
ETHUSDT,2023-09-22 15:06:00,1597.96,1597.18,1597.96,1597.17,3365.39,1
ETHUSDT,2023-09-22 15:05:00,1597.59,1597.96,1597.96,1597.59,1683.31,1
ETHUSDT,2023-09-22 15:04:00,1596.63,1597.59,1597.69,1596.63,5068.84,1
ETHUSDT,2023-09-22 15:03:00,1596.86,1596.63,1596.87,1596.63,3365.11,1
ETHUSDT,2023-09-22 15:02:00,1597.68,1596.86,1597.68,1596.86,3918.07,1
ETHUSDT,2023-09-22 15:01:00,1597.69,1597.68,1598,1597.68,2249.81,1
ETHUSDT,2023-09-22 15:00:00,1596.84,1597.69,1597.69,1596.84,3924.12,1
ETHUSDT,2023-09-22 14:59:00,1596.91,1596.84,1596.92,1596.83,559.96,1
ETHUSDT,2023-09-22 14:58:00,1596.91,1596.91,1597.3,1596.91,559.86,1
ETHUSDT,2023-09-22 14:57:00,1597.29,1596.91,1597.44,1596.91,567.66,1
ETHUSDT,2023-09-22 14:56:00,1597.19,1597.29,1597.49,1597.19,3457.82,1
ETHUSDT,2023-09-22 14:55:00,1597.19,1597.19,1597.19,1597.19,0.22,1
ETHUSDT,2023-09-22 14:54:00,1597.19,1597.19,1597.33,1597.19,0.12,1
ETHUSDT,2023-09-22 14:53:00,1597.01,1597.19,1597.2,1597.01,559.89,1
ETHUSDT,2023-09-22 14:52:00,1597.49,1597.01,1597.5,1597.01,2238.85,1
ETHUSDT,2023-09-22 14:51:00,1596.77,1597.49,1597.56,1596.77,4866.57,1
ETHUSDT,2023-09-22 14:50:00,1596.68,1596.77,1596.77,1596.68,1685.57,1
ETHUSDT,2023-09-22 14:49:00,1597.1,1596.68,1597.11,1596.68,1119.72,1
ETHUSDT,2023-09-22 14:48:00,1597.51,1597.1,1597.52,1597.1,3363.81,1
ETHUSDT,2023-09-22 14:47:00,1597.59,1597.51,1597.6,1597.51,0.17,1
ETHUSDT,2023-09-22 14:46:00,1597.73,1597.59,1597.74,1597.59,1678.72,1
ETHUSDT,2023-09-22 14:45:00,1597.46,1597.73,1597.78,1597.46,4491.12,1
ETHUSDT,2023-09-22 14:44:00,1597.48,1597.46,1597.49,1597.46,559.95,1
ETHUSDT,2023-09-22 14:43:00,1597.67,1597.48,1597.68,1597.32,559.68,1
ETHUSDT,2023-09-22 14:42:00,1597.69,1597.67,1597.7,1597.67,1119.2,1
ETHUSDT,2023-09-22 14:41:00,1597.67,1597.69,1597.79,1597.55,2238.37,1
ETHUSDT,2023-09-22 14:40:00,1596.9,1597.67,1597.68,1596.9,4477.08,1
ETHUSDT,2023-09-22 14:39:00,1596.62,1596.9,1596.91,1596.62,2799.32,1
ETHUSDT,2023-09-22 14:38:00,1595.92,1596.62,1596.62,1595.89,4480.86,1
ETHUSDT,2023-09-22 14:37:00,1595.79,1595.92,1595.92,1595.79,1135.11,1
ETHUSDT,2023-09-22 14:36:00,1596.82,1595.79,1596.83,1595.79,2815.6,1
ETHUSDT,2023-09-22 14:35:00,1596.49,1596.82,1596.85,1596.49,1679.64,1
ETHUSDT,2023-09-22 14:34:00,1596.99,1596.49,1596.99,1596.49,3918.62,1
ETHUSDT,2023-09-22 14:33:00,1595.86,1596.99,1596.99,1595.85,6160.89,1
ETHUSDT,2023-09-22 14:32:00,1595.86,1595.86,1595.86,1595.36,1136.68,1
ETHUSDT,2023-09-22 14:31:00,1595.67,1595.86,1595.86,1595.35,3936.92,1
ETHUSDT,2023-09-22 14:30:00,1595.73,1595.67,1595.73,1595.58,576.38,1
ETHUSDT,2023-09-22 14:29:00,1595.72,1595.73,1595.73,1595.72,573.37,1
ETHUSDT,2023-09-22 14:28:00,1596.01,1595.72,1596.1,1595.72,2241.1,1
ETHUSDT,2023-09-22 14:27:00,1596.22,1596.01,1596.22,1595.99,1120.37,1
ETHUSDT,2023-09-22 14:26:00,1595.91,1596.22,1596.22,1595.91,1883.01,1
ETHUSDT,2023-09-22 14:25:00,1595.91,1595.91,1596,1595.91,560.25,1
ETHUSDT,2023-09-22 14:24:00,1595.05,1595.91,1595.94,1595.05,1682,1
ETHUSDT,2023-09-22 14:23:00,1595.01,1595.05,1595.73,1595.01,3377.46,1
ETHUSDT,2023-09-22 14:22:00,1595.04,1595.01,1595.04,1595.01,0.1,1
ETHUSDT,2023-09-22 14:21:00,1595.01,1595.04,1595.04,1595.01,0.19,1
ETHUSDT,2023-09-22 14:20:00,1595.04,1595.01,1595.04,1595.01,0.07,1
ETHUSDT,2023-09-22 14:19:00,1595.03,1595.04,1595.06,1595.03,0.09,1
ETHUSDT,2023-09-22 14:18:00,1595.06,1595.03,1595.06,1595.03,0.1,1
ETHUSDT,2023-09-22 14:17:00,1595.14,1595.06,1595.14,1595.03,1125.46,1
ETHUSDT,2023-09-22 14:16:00,1595.43,1595.14,1595.43,1595.11,560.5,1
ETHUSDT,2023-09-22 14:15:00,1595.13,1595.43,1595.43,1595.13,0.7,1
ETHUSDT,2023-09-22 14:14:00,1595.52,1595.13,1595.52,1595.13,1681.08,1
ETHUSDT,2023-09-22 14:13:00,1595.44,1595.52,1595.59,1595.14,560.48,1
ETHUSDT,2023-09-22 14:12:00,1594.67,1595.44,1595.44,1594.67,2241.94,1
ETHUSDT,2023-09-22 14:11:00,1594.51,1594.67,1594.68,1594.51,1121.38,1
ETHUSDT,2023-09-22 14:10:00,1594.53,1594.51,1594.54,1594.51,1682.05,1
ETHUSDT,2023-09-22 14:09:00,1594.53,1594.53,1594.68,1594.53,0.14,1
ETHUSDT,2023-09-22 14:08:00,1594.68,1594.53,1594.68,1594.53,1681.95,1
ETHUSDT,2023-09-22 14:07:00,1594.68,1594.68,1594.68,1594.61,0.17,1
ETHUSDT,2023-09-22 14:06:00,1594.68,1594.68,1594.68,1594.61,0.13,1
ETHUSDT,2023-09-22 14:05:00,1594.62,1594.68,1594.68,1594.61,560.76,1
ETHUSDT,2023-09-22 14:04:00,1594.64,1594.62,1594.65,1594.53,1121.32,1
ETHUSDT,2023-09-22 14:03:00,1594.2,1594.64,1594.68,1594.2,5047.68,1
ETHUSDT,2023-09-22 14:02:00,1594.3,1594.2,1594.3,1594.2,591.53,1
ETHUSDT,2023-09-22 14:01:00,1593.99,1594.3,1594.36,1593.99,3928.51,1
ETHUSDT,2023-09-22 14:00:00,1593.28,1593.99,1593.99,1593.28,2805,1
ETHUSDT,2023-09-22 13:59:00,1593.25,1593.28,1593.35,1593.25,4488.85,1
ETHUSDT,2023-09-22 13:58:00,1593.35,1593.25,1593.56,1593.25,2244.54,1
ETHUSDT,2023-09-22 13:57:00,1593.88,1593.35,1593.88,1593.34,3927.02,1
ETHUSDT,2023-09-22 13:56:00,1593.66,1593.88,1593.88,1593.65,0.17,1
ETHUSDT,2023-09-22 13:55:00,1593.45,1593.66,1593.66,1593.45,2895.18,1
ETHUSDT,2023-09-22 13:54:00,1593.4,1593.45,1593.45,1593.4,561.23,1
ETHUSDT,2023-09-22 13:53:00,1593.94,1593.4,1593.95,1593.39,3365.67,1
ETHUSDT,2023-09-22 13:52:00,1593.39,1593.94,1593.95,1593.19,4488.37,1
ETHUSDT,2023-09-22 13:51:00,1593.73,1593.39,1593.75,1593.38,561.58,1
ETHUSDT,2023-09-22 13:50:00,1593.48,1593.73,1593.73,1593.26,3927.49,1
ETHUSDT,2023-09-22 13:49:00,1594.02,1593.48,1594.03,1593.48,5616.18,1
ETHUSDT,2023-09-22 13:48:00,1594.35,1594.02,1594.35,1594.02,3367.42,1
ETHUSDT,2023-09-22 13:47:00,1594.55,1594.35,1594.55,1594.18,2244.08,1
ETHUSDT,2023-09-22 13:46:00,1594.46,1594.55,1594.69,1594.46,3364.12,1
ETHUSDT,2023-09-22 13:45:00,1594.11,1594.46,1594.48,1594,1685.17,1
ETHUSDT,2023-09-22 13:44:00,1594.7,1594.11,1594.99,1594.1,3924.43,1
ETHUSDT,2023-09-22 13:43:00,1594.06,1594.7,1594.7,1593.98,5607.61,1
ETHUSDT,2023-09-22 13:42:00,1594.33,1594.06,1594.33,1593.88,0.09,1
ETHUSDT,2023-09-22 13:41:00,1593.79,1594.33,1594.33,1593.79,1682.78,1
ETHUSDT,2023-09-22 13:40:00,1593.8,1593.79,1593.82,1593.69,1682.83,1
ETHUSDT,2023-09-22 13:39:00,1594.3,1593.8,1594.31,1593.6,4491.21,1
ETHUSDT,2023-09-22 13:38:00,1594.52,1594.3,1594.52,1594.3,560.75,1
ETHUSDT,2023-09-22 13:37:00,1594.62,1594.52,1594.62,1594.32,2804.63,1
ETHUSDT,2023-09-22 13:36:00,1595.03,1594.62,1595.04,1594.62,1121.12,1
ETHUSDT,2023-09-22 13:35:00,1595.54,1595.03,1595.54,1595.03,2241.63,1
ETHUSDT,2023-09-22 13:34:00,1595.55,1595.54,1595.56,1595.51,2802.68,1
ETHUSDT,2023-09-22 13:33:00,1595.42,1595.55,1595.8,1595.41,1680.94,1
ETHUSDT,2023-09-22 13:32:00,1594.65,1595.42,1595.44,1594.65,1681.17,1
ETHUSDT,2023-09-22 13:31:00,1594.65,1594.65,1594.66,1594.61,2803.14,1
ETHUSDT,2023-09-22 13:30:00,1594.6,1594.65,1594.69,1594.6,2803.18,1
ETHUSDT,2023-09-22 13:29:00,1594.6,1594.6,1594.66,1594.46,1121.47,1
ETHUSDT,2023-09-22 13:28:00,1594.6,1594.6,1594.67,1594.59,1121.32,1
ETHUSDT,2023-09-22 13:27:00,1594.62,1594.6,1594.8,1594.59,2242.56,1
ETHUSDT,2023-09-22 13:26:00,1594.2,1594.62,1594.69,1594.2,4485.75,1
ETHUSDT,2023-09-22 13:25:00,1593.26,1594.2,1594.39,1593.21,5608.81,1
ETHUSDT,2023-09-22 13:24:00,1594.26,1593.26,1594.39,1593.26,9053.14,1
ETHUSDT,2023-09-22 13:23:00,1594.78,1594.26,1594.85,1594.26,3926.65,1
ETHUSDT,2023-09-22 13:22:00,1595,1594.78,1595.15,1594.78,2242.16,1
ETHUSDT,2023-09-22 13:21:00,1595.45,1595,1595.45,1595,2241.64,1
ETHUSDT,2023-09-22 13:20:00,1596.24,1595.45,1596.24,1595.45,5041.54,1
ETHUSDT,2023-09-22 13:19:00,1596.38,1596.24,1596.38,1596,560.22,1
ETHUSDT,2023-09-22 13:18:00,1596.23,1596.38,1596.38,1596.23,2240.27,1
ETHUSDT,2023-09-22 13:17:00,1596.62,1596.23,1596.62,1596.22,561.48,1
ETHUSDT,2023-09-22 13:16:00,1596.15,1596.62,1596.7,1596.15,3922.49,1
ETHUSDT,2023-09-22 13:15:00,1596.2,1596.15,1596.84,1596.15,1680.31,1
ETHUSDT,2023-09-22 13:14:00,1596.2,1596.2,1596.2,1596.15,0.15,1
ETHUSDT,2023-09-22 13:13:00,1596.19,1596.2,1596.2,1596.15,662.17,1
ETHUSDT,2023-09-22 13:12:00,1595.86,1596.19,1596.22,1595.85,1680.71,1
ETHUSDT,2023-09-22 13:11:00,1596.16,1595.86,1596.16,1595.77,1120.4,1
ETHUSDT,2023-09-22 13:10:00,1596.02,1596.16,1596.16,1596.02,0.09,1
ETHUSDT,2023-09-22 13:09:00,1596.02,1596.02,1596.16,1596.02,0.09,1
ETHUSDT,2023-09-22 13:08:00,1596.15,1596.02,1596.16,1596.02,1120.24,1
ETHUSDT,2023-09-22 13:07:00,1596.15,1596.15,1596.16,1596.15,0.15,1
ETHUSDT,2023-09-22 13:06:00,1596.09,1596.15,1596.23,1596.09,1120.25,1
ETHUSDT,2023-09-22 13:05:00,1595.59,1596.09,1596.1,1595.59,2240.93,1
ETHUSDT,2023-09-22 13:04:00,1595.17,1595.59,1595.59,1595.17,594.92,1
ETHUSDT,2023-09-22 13:03:00,1595.38,1595.17,1595.39,1595.17,560.47,1
ETHUSDT,2023-09-22 13:02:00,1595.47,1595.38,1595.47,1595.34,2241.5,1
ETHUSDT,2023-09-22 13:01:00,1595.13,1595.47,1595.47,1595.12,2272.4,1
ETHUSDT,2023-09-22 13:00:00,1594.8,1595.13,1595.13,1594.79,1121.16,1
ETHUSDT,2023-09-22 12:59:00,1594.69,1594.8,1594.8,1594.69,560.69,1
ETHUSDT,2023-09-22 12:58:00,1595.29,1594.69,1595.29,1594.6,560.48,1
ETHUSDT,2023-09-22 12:57:00,1595.42,1595.29,1595.43,1595.28,572.62,1
ETHUSDT,2023-09-22 12:56:00,1595.3,1595.42,1595.42,1595.28,1120.87,1
ETHUSDT,2023-09-22 12:55:00,1595.3,1595.3,1595.3,1595.3,0.14,1
ETHUSDT,2023-09-22 12:54:00,1595.29,1595.3,1595.3,1595.29,8.1,1
ETHUSDT,2023-09-22 12:53:00,1595.29,1595.29,1595.29,1595.15,0.26,1
ETHUSDT,2023-09-22 12:52:00,1594.92,1595.29,1595.29,1594.92,7.66,1
ETHUSDT,2023-09-22 12:51:00,1594.78,1594.92,1595.16,1594.78,1121.58,1
ETHUSDT,2023-09-22 12:50:00,1594.97,1594.78,1594.97,1594.78,636,1
ETHUSDT,2023-09-22 12:49:00,1594.65,1594.97,1594.97,1594.65,0.1,1
ETHUSDT,2023-09-22 12:48:00,1595.01,1594.65,1595.01,1594.65,560.68,1
ETHUSDT,2023-09-22 12:47:00,1594.99,1595.01,1595.01,1594.99,1139.88,1
ETHUSDT,2023-09-22 12:46:00,1595.46,1594.99,1595.46,1594.99,2241.76,1
ETHUSDT,2023-09-22 12:45:00,1595.17,1595.46,1595.5,1595.16,2241.66,1
ETHUSDT,2023-09-22 12:44:00,1595.16,1595.17,1595.21,1595.16,560.53,1
ETHUSDT,2023-09-22 12:43:00,1594.75,1595.16,1595.38,1594.69,2803.44,1
ETHUSDT,2023-09-22 12:42:00,1595.21,1594.75,1595.38,1594.75,1120.93,1
ETHUSDT,2023-09-22 12:41:00,1595.27,1595.21,1595.4,1595.17,6163.89,1
ETHUSDT,2023-09-22 12:40:00,1595.18,1595.27,1595.27,1595.07,560.55,1
ETHUSDT,2023-09-22 12:39:00,1595.08,1595.18,1595.18,1595.07,0.09,1
ETHUSDT,2023-09-22 12:38:00,1594.96,1595.08,1595.08,1594.79,4484.43,1
ETHUSDT,2023-09-22 12:37:00,1594.81,1594.96,1595.23,1594.81,2241.93,1
ETHUSDT,2023-09-22 12:36:00,1594.46,1594.81,1594.89,1594.07,2803.6,1
ETHUSDT,2023-09-22 12:35:00,1594.46,1594.46,1594.46,1594.46,0.12,1
ETHUSDT,2023-09-22 12:34:00,1593.8,1594.46,1594.46,1593.8,1123.68,1
ETHUSDT,2023-09-22 12:33:00,1594.08,1593.8,1594.09,1593.75,3365.27,1
ETHUSDT,2023-09-22 12:32:00,1593.68,1594.08,1594.09,1593.67,2243.89,1
ETHUSDT,2023-09-22 12:31:00,1593.69,1593.68,1593.7,1593.55,1124.04,1
ETHUSDT,2023-09-22 12:30:00,1593.42,1593.69,1593.71,1593.42,3372.56,1
ETHUSDT,2023-09-22 12:29:00,1593.4,1593.42,1593.77,1593.39,3365.93,1
ETHUSDT,2023-09-22 12:28:00,1594.02,1593.4,1594.02,1593.37,5048.95,1
ETHUSDT,2023-09-22 12:27:00,1594.09,1594.02,1594.09,1594.01,2243.31,1
ETHUSDT,2023-09-22 12:26:00,1593.99,1594.09,1594.48,1593.79,3925.75,1
ETHUSDT,2023-09-22 12:25:00,1594,1593.99,1594.01,1593.69,2245.8,1
ETHUSDT,2023-09-22 12:24:00,1594.69,1594,1594.69,1594,5046.37,1
ETHUSDT,2023-09-22 12:23:00,1595.32,1594.69,1595.35,1594.69,2802.18,1
ETHUSDT,2023-09-22 12:22:00,1595.58,1595.32,1595.58,1595.25,3361.92,1
ETHUSDT,2023-09-22 12:21:00,1595.17,1595.58,1595.58,1595.17,561.25,1
ETHUSDT,2023-09-22 12:20:00,1594.87,1595.17,1595.24,1594.53,6275.27,1
ETHUSDT,2023-09-22 12:19:00,1595.06,1594.87,1595.07,1594.59,4542.79,1
ETHUSDT,2023-09-22 12:18:00,1595.51,1595.06,1595.53,1595.06,2242.98,1
ETHUSDT,2023-09-22 12:17:00,1594.99,1595.51,1595.51,1594.94,2802.23,1
ETHUSDT,2023-09-22 12:16:00,1594.7,1594.99,1594.99,1594.69,2381.1,1
ETHUSDT,2023-09-22 12:15:00,1594.69,1594.7,1594.9,1594.53,5045.66,1
ETHUSDT,2023-09-22 12:14:00,1595.58,1594.69,1595.62,1594.69,5606.82,1
ETHUSDT,2023-09-22 12:13:00,1595.59,1595.58,1595.67,1595.58,1680.95,1
ETHUSDT,2023-09-22 12:12:00,1595.42,1595.59,1595.66,1595.42,3361.75,1
ETHUSDT,2023-09-22 12:11:00,1595.77,1595.42,1595.93,1595.42,4481.56,1
ETHUSDT,2023-09-22 12:10:00,1595.44,1595.77,1596.04,1595.44,2801.49,1
ETHUSDT,2023-09-22 12:09:00,1596.31,1595.44,1596.32,1595.43,3361.94,1
ETHUSDT,2023-09-22 12:08:00,1596.43,1596.31,1596.43,1596.26,3361.95,1
ETHUSDT,2023-09-22 12:07:00,1596.01,1596.43,1596.43,1595.69,1120.31,1
ETHUSDT,2023-09-22 12:06:00,1595.56,1596.01,1596.03,1595.55,3361.54,1
ETHUSDT,2023-09-22 12:05:00,1595.79,1595.56,1595.79,1595.28,2241.39,1
ETHUSDT,2023-09-22 12:04:00,1596.2,1595.79,1596.48,1595.56,5041.77,1
ETHUSDT,2023-09-22 12:03:00,1596.39,1596.2,1596.39,1595.67,5051.9,1
ETHUSDT,2023-09-22 12:02:00,1596.08,1596.39,1596.39,1596.03,1712.54,1
ETHUSDT,2023-09-22 12:01:00,1596.36,1596.08,1596.37,1596.08,2831.1,1
ETHUSDT,2023-09-22 12:00:00,1596.15,1596.36,1596.49,1596.15,4480.04,1
ETHUSDT,2023-09-22 11:59:00,1596.75,1596.15,1596.75,1596.15,2799.91,1
ETHUSDT,2023-09-22 11:58:00,1596.45,1596.75,1596.75,1596.44,2799.77,1
ETHUSDT,2023-09-22 11:57:00,1596.5,1596.45,1596.5,1595.94,2240.56,1
ETHUSDT,2023-09-22 11:56:00,1596.51,1596.5,1596.51,1595.94,1679.91,1
ETHUSDT,2023-09-22 11:55:00,1596.73,1596.51,1596.73,1596.51,560.01,1
ETHUSDT,2023-09-22 11:54:00,1596.72,1596.73,1596.73,1596.72,1119.87,1
ETHUSDT,2023-09-22 11:53:00,1596.98,1596.72,1596.99,1596.72,1119.78,1
ETHUSDT,2023-09-22 11:52:00,1596.64,1596.98,1596.99,1596.11,2799.67,1
ETHUSDT,2023-09-22 11:51:00,1596.46,1596.64,1596.96,1596.46,2239.63,1
ETHUSDT,2023-09-22 11:50:00,1596.14,1596.46,1596.46,1596.02,3360.56,1
ETHUSDT,2023-09-22 11:49:00,1595.91,1596.14,1596.29,1595.9,2240.63,1
ETHUSDT,2023-09-22 11:48:00,1596.02,1595.91,1596.02,1595.85,2731.92,1
ETHUSDT,2023-09-22 11:47:00,1596.06,1596.02,1596.06,1596.02,3920.81,1
ETHUSDT,2023-09-22 11:46:00,1595.89,1596.06,1596.06,1595.89,560.25,1
ETHUSDT,2023-09-22 11:45:00,1595.51,1595.89,1596.15,1595.51,2801.27,1
ETHUSDT,2023-09-22 11:44:00,1596.43,1595.51,1596.43,1595.51,5616.8,1
ETHUSDT,2023-09-22 11:43:00,1596.5,1596.43,1596.74,1596.42,3359.67,1
ETHUSDT,2023-09-22 11:42:00,1597.07,1596.5,1597.07,1596.29,1680.12,1
ETHUSDT,2023-09-22 11:41:00,1597,1597.07,1597.07,1597,3358.7,1
ETHUSDT,2023-09-22 11:40:00,1597.47,1597,1597.49,1597,1119.53,1
ETHUSDT,2023-09-22 11:39:00,1597.53,1597.47,1597.77,1597.47,8393.95,1
ETHUSDT,2023-09-22 11:38:00,1597.3,1597.53,1597.53,1597.21,3358.14,1
ETHUSDT,2023-09-22 11:37:00,1598.58,1597.3,1598.58,1597.3,3925.12,1
ETHUSDT,2023-09-22 11:36:00,1598.63,1598.58,1598.63,1598.15,6151.9,1
ETHUSDT,2023-09-22 11:35:00,1597.9,1598.63,1598.9,1597.9,3356.65,1
ETHUSDT,2023-09-22 11:34:00,1599.22,1597.9,1599.23,1597.9,5591.83,1
ETHUSDT,2023-09-22 11:33:00,1598.78,1599.22,1599.43,1598.69,6150.33,1
ETHUSDT,2023-09-22 11:32:00,1598.18,1598.78,1598.78,1598.18,2796.5,1
ETHUSDT,2023-09-22 11:31:00,1598.17,1598.18,1598.99,1598.17,2237.48,1
ETHUSDT,2023-09-22 11:30:00,1597,1598.17,1598.2,1597,3986.67,1
ETHUSDT,2023-09-22 11:29:00,1597.46,1597,1597.46,1596.76,6156.61,1
ETHUSDT,2023-09-22 11:28:00,1596.5,1597.46,1597.46,1596.44,3923.81,1
ETHUSDT,2023-09-22 11:27:00,1596.53,1596.5,1596.53,1596.44,1680.02,1
ETHUSDT,2023-09-22 11:26:00,1596.49,1596.53,1596.75,1596.48,7278.78,1
ETHUSDT,2023-09-22 11:25:00,1597.72,1596.49,1597.72,1596.49,7281.81,1
ETHUSDT,2023-09-22 11:24:00,1597.01,1597.72,1597.93,1597.01,8394,1
ETHUSDT,2023-09-22 11:23:00,1597.81,1597.01,1597.89,1596.99,7834.21,1
ETHUSDT,2023-09-22 11:22:00,1598.59,1597.81,1598.59,1597.81,2246.16,1
ETHUSDT,2023-09-22 11:21:00,1598.41,1598.59,1598.71,1598.28,4485.6,1
ETHUSDT,2023-09-22 11:20:00,1599,1598.41,1599.02,1598.4,5593.38,1
ETHUSDT,2023-09-22 11:19:00,1598.74,1599,1599.06,1598.74,3921.89,1
ETHUSDT,2023-09-22 11:18:00,1599.31,1598.74,1599.34,1598.73,5031.89,1
ETHUSDT,2023-09-22 11:17:00,1600.01,1599.31,1600.02,1599.31,9500.52,1
ETHUSDT,2023-09-22 11:16:00,1600.86,1600.01,1600.87,1600.01,13417.71,1
ETHUSDT,2023-09-22 11:15:00,1601.76,1600.86,1602.9,1600.86,9496.41,1
ETHUSDT,2023-09-22 11:14:00,1601.29,1601.76,1601.76,1601.19,4479.33,1
ETHUSDT,2023-09-22 11:13:00,1601.03,1601.29,1601.96,1600.84,5588.59,1
ETHUSDT,2023-09-22 11:12:00,1601.35,1601.03,1601.65,1601,10048.68,1
ETHUSDT,2023-09-22 11:11:00,1601.25,1601.35,1601.38,1600.97,6143.91,1
ETHUSDT,2023-09-22 11:10:00,1601.31,1601.25,1602.09,1601.22,17304.97,1
ETHUSDT,2023-09-22 11:09:00,1601.36,1601.31,1601.59,1600.97,15073.88,1
ETHUSDT,2023-09-22 11:08:00,1599.66,1601.36,1601.41,1599.65,17867.94,1
ETHUSDT,2023-09-22 11:07:00,1599.67,1599.66,1599.92,1599.58,8382.79,1
ETHUSDT,2023-09-22 11:06:00,1598.66,1599.67,1599.68,1598.64,13977.38,1
ETHUSDT,2023-09-22 11:05:00,1601.14,1598.66,1601.63,1598.66,22347.48,1
ETHUSDT,2023-09-22 11:04:00,1598.61,1601.14,1601.14,1598.56,17459.08,1
ETHUSDT,2023-09-22 11:03:00,1597.8,1598.61,1598.61,1597.05,8404.11,1
ETHUSDT,2023-09-22 11:02:00,1595.65,1597.8,1597.8,1595.63,10126.18,1
ETHUSDT,2023-09-22 11:01:00,1595.7,1595.65,1595.7,1595.46,5042.64,1
ETHUSDT,2023-09-22 11:00:00,1595.76,1595.7,1595.88,1595.7,3361.56,1
ETHUSDT,2023-09-22 10:59:00,1595.66,1595.76,1595.85,1595.28,3361.9,1
ETHUSDT,2023-09-22 10:58:00,1595.69,1595.66,1595.85,1595.56,4482.02,1
ETHUSDT,2023-09-22 10:57:00,1595.47,1595.69,1595.8,1595.47,7298.02,1
ETHUSDT,2023-09-22 10:56:00,1597.4,1595.47,1597.4,1595.47,12876.43,1
ETHUSDT,2023-09-22 10:55:00,1596.36,1597.4,1597.4,1595.86,6721.12,1
ETHUSDT,2023-09-22 10:54:00,1596.16,1596.36,1596.49,1595.86,13836.83,1
ETHUSDT,2023-09-22 10:53:00,1595.57,1596.16,1596.5,1595.46,11764.47,1
ETHUSDT,2023-09-22 10:52:00,1593.8,1595.57,1595.58,1593.79,11229.65,1
ETHUSDT,2023-09-22 10:51:00,1593.81,1593.8,1593.82,1593.26,3927.62,1
ETHUSDT,2023-09-22 10:50:00,1593.83,1593.81,1593.88,1593.81,3926.65,1
ETHUSDT,2023-09-22 10:49:00,1593.65,1593.83,1593.88,1593.65,1758.25,1
ETHUSDT,2023-09-22 10:48:00,1593.07,1593.65,1593.84,1593.07,3927.27,1
ETHUSDT,2023-09-22 10:47:00,1592.95,1593.07,1593.37,1592.94,5270.25,1
ETHUSDT,2023-09-22 10:46:00,1591.95,1592.95,1592.95,1591.95,5053.19,1
ETHUSDT,2023-09-22 10:45:00,1591.59,1591.95,1592.12,1591.59,2248.17,1
ETHUSDT,2023-09-22 10:44:00,1591,1591.59,1591.59,1591,3932.57,1
ETHUSDT,2023-09-22 10:43:00,1591.77,1591,1591.81,1591,3932.67,1
ETHUSDT,2023-09-22 10:42:00,1591.42,1591.77,1591.96,1591.42,3931.98,1
ETHUSDT,2023-09-22 10:41:00,1591.25,1591.42,1591.46,1591.24,1685.45,1
ETHUSDT,2023-09-22 10:40:00,1591.04,1591.25,1591.25,1591.02,1123.87,1
ETHUSDT,2023-09-22 10:39:00,1590.78,1591.04,1591.09,1590.66,1685.82,1
ETHUSDT,2023-09-22 10:38:00,1590.43,1590.78,1590.78,1590.4,3372.4,1
ETHUSDT,2023-09-22 10:37:00,1591.05,1590.43,1591.12,1590.41,1686.28,1
ETHUSDT,2023-09-22 10:36:00,1591.01,1591.05,1591.14,1590.99,2247.77,1
ETHUSDT,2023-09-22 10:35:00,1590.43,1591.01,1591.14,1590.42,1686.56,1
ETHUSDT,2023-09-22 10:34:00,1590.67,1590.43,1590.67,1590.35,4496.71,1
ETHUSDT,2023-09-22 10:33:00,1591.11,1590.67,1591.19,1590.67,1123.99,1
ETHUSDT,2023-09-22 10:32:00,1590.46,1591.11,1591.17,1590.45,2248.22,1
ETHUSDT,2023-09-22 10:31:00,1590.7,1590.46,1590.86,1590.46,6758.63,1
ETHUSDT,2023-09-22 10:30:00,1589.51,1590.7,1590.7,1589.51,7871.28,1
ETHUSDT,2023-09-22 10:29:00,1589.64,1589.51,1589.69,1589.51,3374.52,1
ETHUSDT,2023-09-22 10:28:00,1589.5,1589.64,1589.64,1589.3,2812.47,1
ETHUSDT,2023-09-22 10:27:00,1588.82,1589.5,1589.5,1588.72,3938.82,1
ETHUSDT,2023-09-22 10:26:00,1589.83,1588.82,1589.83,1588,5141.18,1
ETHUSDT,2023-09-22 10:25:00,1591.09,1589.83,1591.09,1588.2,6335.88,1
ETHUSDT,2023-09-22 10:24:00,1592.5,1591.09,1592.5,1590.82,5616.37,1
ETHUSDT,2023-09-22 10:23:00,1592.71,1592.5,1592.72,1592.5,4490.58,1
ETHUSDT,2023-09-22 10:22:00,1592.82,1592.71,1593.22,1592.71,561.26,1
ETHUSDT,2023-09-22 10:21:00,1593.98,1592.82,1593.98,1592.82,2244.14,1
ETHUSDT,2023-09-22 10:20:00,1593.71,1593.98,1593.98,1593.47,2804.93,1
ETHUSDT,2023-09-22 10:19:00,1593.76,1593.71,1593.92,1593.66,1121.97,1
ETHUSDT,2023-09-22 10:18:00,1593.48,1593.76,1593.76,1593.34,561.11,1
ETHUSDT,2023-09-22 10:17:00,1593.22,1593.48,1593.48,1593.22,2820.22,1
ETHUSDT,2023-09-22 10:16:00,1593.96,1593.22,1593.96,1593.22,3392.84,1
ETHUSDT,2023-09-22 10:15:00,1593.57,1593.96,1593.97,1593.55,6731.04,1
ETHUSDT,2023-09-22 10:14:00,1592.57,1593.57,1593.57,1592.56,2806.44,1
ETHUSDT,2023-09-22 10:13:00,1592.48,1592.57,1592.57,1592.48,1684.24,1
ETHUSDT,2023-09-22 10:12:00,1592.45,1592.48,1592.48,1592.43,0.16,1
ETHUSDT,2023-09-22 10:11:00,1592.43,1592.45,1592.48,1592.43,0.1,1
ETHUSDT,2023-09-22 10:10:00,1591.93,1592.43,1592.44,1591.79,1684.53,1
ETHUSDT,2023-09-22 10:09:00,1591.82,1591.93,1591.93,1591.76,2246.67,1
ETHUSDT,2023-09-22 10:08:00,1591.85,1591.82,1591.85,1591.79,561.74,1
ETHUSDT,2023-09-22 10:07:00,1592.12,1591.85,1592.15,1591.85,1123.26,1
ETHUSDT,2023-09-22 10:06:00,1592.21,1592.12,1592.21,1592.12,1153.86,1
ETHUSDT,2023-09-22 10:05:00,1591.57,1592.21,1592.21,1591.56,2808.11,1
ETHUSDT,2023-09-22 10:04:00,1591.79,1591.57,1591.79,1591.49,561.8,1
ETHUSDT,2023-09-22 10:03:00,1591.79,1591.79,1591.79,1591.49,1123.37,1
ETHUSDT,2023-09-22 10:02:00,1591.79,1591.79,1591.79,1591.56,0.1,1
ETHUSDT,2023-09-22 10:01:00,1591.89,1591.79,1591.89,1591.78,2838.73,1
ETHUSDT,2023-09-22 10:00:00,1592.04,1591.89,1592.04,1591.8,2246.5,1
ETHUSDT,2023-09-22 09:59:00,1591.57,1592.04,1592.04,1591.49,2246.83,1
ETHUSDT,2023-09-22 09:58:00,1591.7,1591.57,1591.7,1591.49,2246.82,1
ETHUSDT,2023-09-22 09:57:00,1591.57,1591.7,1591.7,1591.39,561.87,1
ETHUSDT,2023-09-22 09:56:00,1591.4,1591.57,1591.57,1591.39,1123.59,1
ETHUSDT,2023-09-22 09:55:00,1591.99,1591.4,1591.99,1591.2,561.89,1
ETHUSDT,2023-09-22 09:54:00,1591.2,1591.99,1591.99,1591.2,564.92,1
ETHUSDT,2023-09-22 09:53:00,1591.13,1591.2,1591.31,1591.11,5633.32,1
ETHUSDT,2023-09-22 09:52:00,1591.42,1591.13,1591.43,1591.11,2833.95,1
ETHUSDT,2023-09-22 09:51:00,1591.5,1591.42,1591.5,1591.28,562.2,1
ETHUSDT,2023-09-22 09:50:00,1591.1,1591.5,1591.5,1591.1,2247.33,1
ETHUSDT,2023-09-22 09:49:00,1591.39,1591.1,1591.39,1591.1,2.68,1
ETHUSDT,2023-09-22 09:48:00,1591.34,1591.39,1591.58,1591.34,1685.35,1
ETHUSDT,2023-09-22 09:47:00,1591.34,1591.34,1591.35,1591.14,562,1
ETHUSDT,2023-09-22 09:46:00,1591.54,1591.34,1591.54,1591.34,1685.43,1
ETHUSDT,2023-09-22 09:45:00,1591.66,1591.54,1591.96,1591.54,2808.31,1
ETHUSDT,2023-09-22 09:44:00,1591.66,1591.66,1591.66,1591.66,0.1,1
ETHUSDT,2023-09-22 09:43:00,1591.58,1591.66,1591.66,1591.57,561.84,1
ETHUSDT,2023-09-22 09:42:00,1591.21,1591.58,1591.67,1591.21,2808.98,1
ETHUSDT,2023-09-22 09:41:00,1591.9,1591.21,1591.9,1591.21,2246.51,1
ETHUSDT,2023-09-22 09:40:00,1592.06,1591.9,1592.06,1591.57,562.25,1
ETHUSDT,2023-09-22 09:39:00,1591.38,1592.06,1592.06,1591.38,2808.51,1
ETHUSDT,2023-09-22 09:38:00,1592.28,1591.38,1592.28,1591.38,3369.11,1
ETHUSDT,2023-09-22 09:37:00,1592.61,1592.28,1592.61,1592.28,2245.57,1
ETHUSDT,2023-09-22 09:36:00,1592.94,1592.61,1592.95,1592.6,2245.02,1
ETHUSDT,2023-09-22 09:35:00,1592.74,1592.94,1593.01,1592.74,2245.08,1
ETHUSDT,2023-09-22 09:34:00,1593.06,1592.74,1593.06,1592.74,1683.68,1
ETHUSDT,2023-09-22 09:33:00,1593.51,1593.06,1593.58,1593.05,3366.52,1
ETHUSDT,2023-09-22 09:32:00,1593.48,1593.51,1593.56,1593.48,1122.23,1
ETHUSDT,2023-09-22 09:31:00,1593.18,1593.48,1593.61,1593.17,3927.64,1
ETHUSDT,2023-09-22 09:30:00,1593.17,1593.18,1593.18,1593.07,561.18,1
ETHUSDT,2023-09-22 09:29:00,1593.41,1593.17,1593.41,1593.17,1683.28,1
ETHUSDT,2023-09-22 09:28:00,1592.94,1593.41,1593.41,1592.94,561.3,1
ETHUSDT,2023-09-22 09:27:00,1592.74,1592.94,1593.01,1592.65,3367.64,1
ETHUSDT,2023-09-22 09:26:00,1592.55,1592.74,1592.75,1592.54,2245.37,1
ETHUSDT,2023-09-22 09:25:00,1592.5,1592.55,1592.55,1592.5,1684.2,1
ETHUSDT,2023-09-22 09:24:00,1592.99,1592.5,1592.99,1592.5,1684.07,1
ETHUSDT,2023-09-22 09:23:00,1593.35,1592.99,1593.35,1592.97,2805.92,1
ETHUSDT,2023-09-22 09:22:00,1593.34,1593.35,1593.35,1593.34,561.18,1
ETHUSDT,2023-09-22 09:21:00,1593.61,1593.34,1593.61,1593.16,2805.19,1
ETHUSDT,2023-09-22 09:20:00,1593.34,1593.61,1593.61,1592.9,3367.39,1
ETHUSDT,2023-09-22 09:19:00,1593.36,1593.34,1593.38,1593.34,5610.59,1
ETHUSDT,2023-09-22 09:18:00,1592.59,1593.36,1593.43,1592.59,7295.71,1
ETHUSDT,2023-09-22 09:17:00,1593.21,1592.59,1593.21,1592.59,2806.5,1
ETHUSDT,2023-09-22 09:16:00,1592.58,1593.21,1593.21,1592.58,2806.27,1
ETHUSDT,2023-09-22 09:15:00,1592.22,1592.58,1592.58,1592.15,4491.79,1
ETHUSDT,2023-09-22 09:14:00,1592.51,1592.22,1592.51,1592.22,3930.26,1
ETHUSDT,2023-09-22 09:13:00,1592.58,1592.51,1592.92,1592.28,3929.92,1
ETHUSDT,2023-09-22 09:12:00,1592.86,1592.58,1592.86,1592.53,561.45,1
ETHUSDT,2023-09-22 09:11:00,1593.21,1592.86,1593.21,1592.29,1123.94,1
ETHUSDT,2023-09-22 09:10:00,1594.09,1593.21,1594.09,1593.21,3926.65,1
ETHUSDT,2023-09-22 09:09:00,1594.11,1594.09,1594.11,1593.96,1682.54,1
ETHUSDT,2023-09-22 09:08:00,1594.54,1594.11,1594.54,1594.11,1682.18,1
ETHUSDT,2023-09-22 09:07:00,1594.53,1594.54,1594.71,1594.42,2242.62,1
ETHUSDT,2023-09-22 09:06:00,1595.01,1594.53,1595.14,1594.53,3924.03,1
ETHUSDT,2023-09-22 09:05:00,1595.72,1595.01,1595.72,1595.01,6724.04,1
ETHUSDT,2023-09-22 09:04:00,1595.45,1595.72,1595.81,1595.4,3363.04,1
ETHUSDT,2023-09-22 09:03:00,1594.37,1595.45,1595.46,1594.37,6726.29,1
ETHUSDT,2023-09-22 09:02:00,1594.86,1594.37,1594.98,1594.37,1121.21,1
ETHUSDT,2023-09-22 09:01:00,1594.5,1594.86,1594.89,1594.41,7348.94,1
ETHUSDT,2023-09-22 09:00:00,1593.98,1594.5,1594.7,1593.97,6243.57,1
ETHUSDT,2023-09-22 08:59:00,1593.99,1593.98,1593.99,1593.97,0.08,1
ETHUSDT,2023-09-22 08:58:00,1593.56,1593.99,1594.02,1593.56,3365.44,1
ETHUSDT,2023-09-22 08:57:00,1593.24,1593.56,1593.56,1593.24,2805.38,1
ETHUSDT,2023-09-22 08:56:00,1593.2,1593.24,1593.28,1593.19,2244.58,1
ETHUSDT,2023-09-22 08:55:00,1593.09,1593.2,1593.21,1593.09,2805.67,1
ETHUSDT,2023-09-22 08:54:00,1593.21,1593.09,1593.21,1593.09,0.18,1
ETHUSDT,2023-09-22 08:53:00,1593.41,1593.21,1593.43,1593.09,2805.42,1
ETHUSDT,2023-09-22 08:52:00,1593.09,1593.41,1593.42,1593.09,2258.98,1
ETHUSDT,2023-09-22 08:51:00,1593.33,1593.09,1593.34,1593.08,3927.78,1
ETHUSDT,2023-09-22 08:50:00,1593.51,1593.33,1593.59,1593.12,1122.17,1
ETHUSDT,2023-09-22 08:49:00,1593.13,1593.51,1593.51,1593.12,0.11,1
ETHUSDT,2023-09-22 08:48:00,1593.13,1593.13,1593.13,1593.08,2805.82,1
ETHUSDT,2023-09-22 08:47:00,1592.91,1593.13,1593.13,1592.87,2806.16,1
ETHUSDT,2023-09-22 08:46:00,1592.92,1592.91,1593.01,1592.91,0.12,1
ETHUSDT,2023-09-22 08:45:00,1592.91,1592.92,1593.35,1592.87,3367.26,1
ETHUSDT,2023-09-22 08:44:00,1592.92,1592.91,1592.92,1592.91,0.08,1
ETHUSDT,2023-09-22 08:43:00,1592.97,1592.92,1592.97,1592.91,0.18,1
ETHUSDT,2023-09-22 08:42:00,1592.61,1592.97,1592.97,1592.61,1684.05,1
ETHUSDT,2023-09-22 08:41:00,1592.63,1592.61,1592.63,1592.46,0.13,1
ETHUSDT,2023-09-22 08:40:00,1592.21,1592.63,1592.63,1592.21,1684.52,1
ETHUSDT,2023-09-22 08:39:00,1591.54,1592.21,1592.21,1591.54,2824.47,1
ETHUSDT,2023-09-22 08:38:00,1591.94,1591.54,1591.95,1591.54,4493.39,1
ETHUSDT,2023-09-22 08:37:00,1592,1591.94,1592,1591.94,4492.5,1
ETHUSDT,2023-09-22 08:36:00,1591.55,1592,1592.09,1591.55,2807.99,1
ETHUSDT,2023-09-22 08:35:00,1591.55,1591.55,1592.09,1591.55,438.09,1
ETHUSDT,2023-09-22 08:34:00,1592.45,1591.55,1592.45,1591.55,8.14,1
ETHUSDT,2023-09-22 08:33:00,1592.44,1592.45,1592.45,1592.18,7.07,1
ETHUSDT,2023-09-22 08:32:00,1592.38,1592.44,1592.45,1592.38,2.09,1
ETHUSDT,2023-09-22 08:31:00,1592.2,1592.38,1592.39,1592.2,1130.42,1
ETHUSDT,2023-09-22 08:30:00,1591.65,1592.2,1592.21,1591.65,2262.53,1
ETHUSDT,2023-09-22 08:29:00,1591.6,1591.65,1591.88,1591.51,3369.96,1
ETHUSDT,2023-09-22 08:28:00,1591.7,1591.6,1591.73,1591.59,3931.77,1
ETHUSDT,2023-09-22 08:27:00,1591.98,1591.7,1591.99,1591.7,2246.35,1
ETHUSDT,2023-09-22 08:26:00,1591.97,1591.98,1591.99,1591.74,2246.26,1
ETHUSDT,2023-09-22 08:25:00,1591.9,1591.97,1591.99,1591.74,1684.85,1
ETHUSDT,2023-09-22 08:24:00,1592.13,1591.9,1592.13,1591.9,5615.51,1
ETHUSDT,2023-09-22 08:23:00,1592.01,1592.13,1592.14,1592.01,561.65,1
ETHUSDT,2023-09-22 08:22:00,1591.82,1592.01,1592.01,1591.82,1684.88,1
ETHUSDT,2023-09-22 08:21:00,1592.13,1591.82,1592.21,1591.82,567.27,1
ETHUSDT,2023-09-22 08:20:00,1592.29,1592.13,1592.29,1591.99,3930.38,1
ETHUSDT,2023-09-22 08:19:00,1592.58,1592.29,1592.58,1592.29,1684.38,1
ETHUSDT,2023-09-22 08:18:00,1592.55,1592.58,1592.66,1592.49,2255.32,1
ETHUSDT,2023-09-22 08:17:00,1592.34,1592.55,1592.66,1592.22,2812.12,1
ETHUSDT,2023-09-22 08:16:00,1592.37,1592.34,1592.37,1592.32,561.51,1
ETHUSDT,2023-09-22 08:15:00,1592.1,1592.37,1592.37,1592.1,4491.94,1
ETHUSDT,2023-09-22 08:14:00,1592.55,1592.1,1592.56,1592.1,3930.03,1
ETHUSDT,2023-09-22 08:13:00,1592.57,1592.55,1592.63,1592.48,5057.24,1
ETHUSDT,2023-09-22 08:12:00,1592.49,1592.57,1592.57,1592.48,2245.54,1
ETHUSDT,2023-09-22 08:11:00,1592.75,1592.49,1592.77,1592.48,561.45,1
ETHUSDT,2023-09-22 08:10:00,1592.65,1592.75,1592.75,1592.6,2250.26,1
ETHUSDT,2023-09-22 08:09:00,1593.1,1592.65,1593.1,1592.64,2250.01,1
ETHUSDT,2023-09-22 08:08:00,1592.72,1593.1,1593.12,1592.72,1683.72,1
ETHUSDT,2023-09-22 08:07:00,1593.15,1592.72,1593.17,1592.72,2810.98,1
ETHUSDT,2023-09-22 08:06:00,1593.16,1593.15,1593.65,1593.13,2244.58,1
ETHUSDT,2023-09-22 08:05:00,1593.14,1593.16,1593.16,1592.99,1132.35,1
ETHUSDT,2023-09-22 08:04:00,1592.69,1593.14,1593.14,1592.69,1683.94,1
ETHUSDT,2023-09-22 08:03:00,1593.63,1592.69,1593.63,1592.69,2841.21,1
ETHUSDT,2023-09-22 08:02:00,1593.86,1593.63,1593.86,1593.63,1682.84,1
ETHUSDT,2023-09-22 08:01:00,1594.29,1593.86,1594.29,1593.86,596.45,1
ETHUSDT,2023-09-22 08:00:00,1594.17,1594.29,1594.41,1593.99,2804.14,1
ETHUSDT,2023-09-22 07:59:00,1594.42,1594.17,1594.43,1594.16,3364.4,1
ETHUSDT,2023-09-22 07:58:00,1594.44,1594.42,1594.78,1594.42,2803.5,1
ETHUSDT,2023-09-22 07:57:00,1594.32,1594.44,1594.64,1594.31,560.82,1
ETHUSDT,2023-09-22 07:56:00,1594.16,1594.32,1594.32,1594.16,2243.06,1
ETHUSDT,2023-09-22 07:55:00,1594.16,1594.16,1594.3,1594.16,2243.2,1
ETHUSDT,2023-09-22 07:54:00,1594.73,1594.16,1594.83,1594.16,2808.01,1
ETHUSDT,2023-09-22 07:53:00,1594.73,1594.73,1594.81,1594.66,1681.84,1
ETHUSDT,2023-09-22 07:52:00,1594.62,1594.73,1594.79,1594.62,1681.93,1
ETHUSDT,2023-09-22 07:51:00,1594.7,1594.62,1594.7,1594.46,4485.26,1
ETHUSDT,2023-09-22 07:50:00,1594.7,1594.7,1594.91,1594.69,1681.79,1
ETHUSDT,2023-09-22 07:49:00,1594.4,1594.7,1594.82,1594.39,560.72,1
ETHUSDT,2023-09-22 07:48:00,1593.99,1594.4,1594.4,1593.98,2243.16,1
ETHUSDT,2023-09-22 07:47:00,1594.3,1593.99,1594.3,1593.84,1682.72,1
ETHUSDT,2023-09-22 07:46:00,1594.42,1594.3,1594.44,1593.85,3369.42,1
ETHUSDT,2023-09-22 07:45:00,1594.52,1594.42,1594.52,1594.42,1121.48,1
ETHUSDT,2023-09-22 07:44:00,1594.7,1594.52,1594.71,1594.51,2803.22,1
ETHUSDT,2023-09-22 07:43:00,1594.94,1594.7,1595.34,1594.7,5605.05,1
ETHUSDT,2023-09-22 07:42:00,1594.93,1594.94,1594.94,1594.85,2242.25,1
ETHUSDT,2023-09-22 07:41:00,1595.29,1594.93,1595.3,1594.93,2241.82,1
ETHUSDT,2023-09-22 07:40:00,1595.55,1595.29,1595.55,1595.29,2801.85,1
ETHUSDT,2023-09-22 07:39:00,1595.41,1595.55,1595.55,1595.26,5603.69,1
ETHUSDT,2023-09-22 07:38:00,1594.18,1595.41,1595.41,1594.18,1121.48,1
ETHUSDT,2023-09-22 07:37:00,1593.72,1594.18,1594.18,1593.33,3365.86,1
ETHUSDT,2023-09-22 07:36:00,1593.67,1593.72,1593.72,1593.27,5054.38,1
ETHUSDT,2023-09-22 07:35:00,1593.63,1593.67,1593.67,1593.63,566.05,1
ETHUSDT,2023-09-22 07:34:00,1593.52,1593.63,1593.64,1593.52,1127.02,1
ETHUSDT,2023-09-22 07:33:00,1593.6,1593.52,1594.06,1593.41,1121.98,1
ETHUSDT,2023-09-22 07:32:00,1594.05,1593.6,1594.06,1593.6,2243.59,1
ETHUSDT,2023-09-22 07:31:00,1594.19,1594.05,1594.2,1594.05,2243.27,1
ETHUSDT,2023-09-22 07:30:00,1593.96,1594.19,1594.19,1593.96,3364.95,1
ETHUSDT,2023-09-22 07:29:00,1594.42,1593.96,1594.51,1593.96,1682.04,1
ETHUSDT,2023-09-22 07:28:00,1594.38,1594.42,1594.63,1594.29,7303.57,1
ETHUSDT,2023-09-22 07:27:00,1594.52,1594.38,1594.8,1594.38,6182.04,1
ETHUSDT,2023-09-22 07:26:00,1594.46,1594.52,1594.95,1594.46,2242.15,1
ETHUSDT,2023-09-22 07:25:00,1594.29,1594.46,1594.47,1594.29,2816.49,1
ETHUSDT,2023-09-22 07:24:00,1594.44,1594.29,1594.44,1594.16,2243.07,1
ETHUSDT,2023-09-22 07:23:00,1594.53,1594.44,1594.67,1594.31,1167.32,1
ETHUSDT,2023-09-22 07:22:00,1594.94,1594.53,1594.94,1594.53,3363.55,1
ETHUSDT,2023-09-22 07:21:00,1594.74,1594.94,1594.94,1594.67,2288.28,1
ETHUSDT,2023-09-22 07:20:00,1594.95,1594.74,1594.96,1594.7,1681.73,1
ETHUSDT,2023-09-22 07:19:00,1595.24,1594.95,1595.46,1594.95,2241.75,1
ETHUSDT,2023-09-22 07:18:00,1595.06,1595.24,1595.46,1595.06,2802.04,1
ETHUSDT,2023-09-22 07:17:00,1594.85,1595.06,1595.07,1594.85,3923.65,1
ETHUSDT,2023-09-22 07:16:00,1594.83,1594.85,1595.46,1594.83,2241.97,1
ETHUSDT,2023-09-22 07:15:00,1594.99,1594.83,1595.71,1594.83,5043.84,1
ETHUSDT,2023-09-22 07:14:00,1594.91,1594.99,1594.99,1594.79,3923.7,1
ETHUSDT,2023-09-22 07:13:00,1595.15,1594.91,1595.15,1594.79,3371.12,1
ETHUSDT,2023-09-22 07:12:00,1595.56,1595.15,1595.56,1595.15,1681.13,1
ETHUSDT,2023-09-22 07:11:00,1595.55,1595.56,1595.56,1595.47,2241.23,1
ETHUSDT,2023-09-22 07:10:00,1595.49,1595.55,1595.71,1595.49,2848.29,1
ETHUSDT,2023-09-22 07:09:00,1595.5,1595.49,1595.5,1595.3,560.46,1
ETHUSDT,2023-09-22 07:08:00,1594.62,1595.5,1595.5,1594.59,5605.82,1
ETHUSDT,2023-09-22 07:07:00,1595.17,1594.62,1595.17,1594.59,1727.66,1
ETHUSDT,2023-09-22 07:06:00,1594.98,1595.17,1595.22,1594.89,5044.2,1
ETHUSDT,2023-09-22 07:05:00,1594.87,1594.98,1595.42,1594.87,3923.51,1
ETHUSDT,2023-09-22 07:04:00,1595.02,1594.87,1595.41,1594.87,7846.4,1
ETHUSDT,2023-09-22 07:03:00,1594.36,1595.02,1595.02,1594.35,6227.92,1
ETHUSDT,2023-09-22 07:02:00,1594.43,1594.36,1594.44,1594.28,4485.66,1
ETHUSDT,2023-09-22 07:01:00,1595.28,1594.43,1595.28,1594.43,7847.77,1
ETHUSDT,2023-09-22 07:00:00,1594.46,1595.28,1595.31,1594.46,8968.04,1
ETHUSDT,2023-09-22 06:59:00,1594.42,1594.46,1594.46,1594.36,2803.7,1
ETHUSDT,2023-09-22 06:58:00,1594.36,1594.42,1594.42,1594.36,0.09,1
ETHUSDT,2023-09-22 06:57:00,1594.42,1594.36,1594.42,1594.36,0.13,1
ETHUSDT,2023-09-22 06:56:00,1594.27,1594.42,1594.42,1594.26,1136.05,1
ETHUSDT,2023-09-22 06:55:00,1594.17,1594.27,1594.27,1594.16,1682.41,1
ETHUSDT,2023-09-22 06:54:00,1594.83,1594.17,1594.83,1594.04,3364.39,1
ETHUSDT,2023-09-22 06:53:00,1594.87,1594.83,1594.87,1594.58,1681.83,1
ETHUSDT,2023-09-22 06:52:00,1594.77,1594.87,1594.91,1594.63,5045.1,1
ETHUSDT,2023-09-22 06:51:00,1594.31,1594.77,1594.79,1594.31,4485.61,1
ETHUSDT,2023-09-22 06:50:00,1594.16,1594.31,1594.39,1594.16,4486.12,1
ETHUSDT,2023-09-22 06:49:00,1593.57,1594.16,1594.2,1593.54,2243.76,1
ETHUSDT,2023-09-22 06:48:00,1593.27,1593.57,1593.59,1593.27,4488.3,1
ETHUSDT,2023-09-22 06:47:00,1592.36,1593.27,1593.31,1592.35,3928.81,1
ETHUSDT,2023-09-22 06:46:00,1591.63,1592.36,1592.36,1591.62,7861.94,1
ETHUSDT,2023-09-22 06:45:00,1591.46,1591.63,1591.63,1591.43,2808.74,1
ETHUSDT,2023-09-22 06:44:00,1591.98,1591.46,1591.98,1591.39,1684.83,1
ETHUSDT,2023-09-22 06:43:00,1591.78,1591.98,1592.04,1591.76,1684.91,1
ETHUSDT,2023-09-22 06:42:00,1592.4,1591.78,1592.41,1591.78,3368.97,1
ETHUSDT,2023-09-22 06:41:00,1592.84,1592.4,1592.84,1592.4,1684.15,1
ETHUSDT,2023-09-22 06:40:00,1592.45,1592.84,1592.99,1592.45,5052.01,1
